x1,x2,x3,x4,x5,x6,x7,x8,x9,x10,x11,x12,x13,x14,x15,x16,x17,x18,x19,x20,x21,x22,x23,x24,x25,x26,x27,x28,x29,x30,x31,x32,x33,x34,x35,x36,x37,x38,x39,x40,x41,x42,x43,x44,x45,x46,x47,x48,x49,x50,x51,x52,x53,x54,x55,x56,x57,x58,x59,x60,x61,x62,x63,x64,x65,x66,x67,x68,x69,x70,x71,x72,x73,x74,x75,x76,x77,x78,x79,x80,x81,x82,x83,x84,x85,x86,x87,x88,x89,x90,x91,x92,x93,x94,x95,x96,x97,x98,x99,x100,x101,x102,x103,x104,x105,x106,x107,x108,x109,x110,x111,x112,x113,x114,x115,x116,x117,x118,x119,x120,x121,x122,x123,x124,x125,x126,x127,x128,x129,x130,x131,x132,x133,x134,x135,x136,x137,x138,x139,x140,x141,x142,x143,x144,x145,x146,x147,x148,x149,x150,x151,x152,x153,x154,x155,x156,x157,x158,x159,x160,x161,x162,x163,x164,x165,x166,x167,x168,x169,x170,x171,x172,x173,x174,x175,x176,x177,x178,x179,x180,x181,x182,x183,x184,x185,x186,x187,x188,x189,x190,x191,x192,x193,x194,x195,x196,x197,x198,x199,x200,x201,x202,x203,x204,x205,x206,x207,x208,x209,x210,x211,x212,x213,x214,x215,x216,x217,x218,x219,x220,x221,x222,x223,x224,x225,x226,x227,x228,x229,x230,x231,x232,x233,x234,x235,x236,x237,x238,x239,x240,x241,x242,x243,x244,x245,x246,x247,x248,x249,x250,x251,x252,x253,x254,x255,x256,x257,x258,x259,x260,x261,x262,x263,x264,x265,x266,x267,x268,x269,x270,x271,x272,x273,x274,x275,x276,x277,x278,x279,x280,x281,x282,x283,x284,x285,x286,x287,x288,x289,x290,x291,x292,x293,x294,x295,x296,x297,x298,x299,x300,x301,x302,x303,x304,x305,x306,x307,x308,x309,x310,x311,x312,x313,x314,x315,x316,x317,x318,x319,x320,x321,x322,x323,x324,x325,x326,x327,x328,x329,x330,x331,x332,x333,x334,x335,x336,x337,x338,x339,x340,x341,x342,x343,x344,x345,x346,x347,x348,x349,x350,x351,x352,x353,x354,x355,x356,x357,x358,x359,x360,x361,x362,x363,x364,x365
24.339999999999996,23.188000000000002,23.188000000000002,23.176000000000002,21.892,21.976,20.74,21.951999999999998,21.939999999999998,21.988,21.988,24.316,26.74,30.291999999999998,25.564,29.163999999999998,29.139999999999997,31.528000000000002,34.0,27.952,21.951999999999998,25.516,32.8,35.32,25.516,26.715999999999998,25.588,26.692,23.128,24.328,24.375999999999998,25.491999999999997,26.728,26.8,25.564,27.939999999999998,29.139999999999997,30.388,32.715999999999994,39.4,29.092,26.776,28.0,32.775999999999996,32.692,38.8,27.916,29.092,29.139999999999997,33.916,33.891999999999996,33.891999999999996,38.44,31.588,30.291999999999998,30.388,32.692,42.04,42.4,40.839999999999996,43.72,44.92,46.839999999999996,46.96,41.08,48.64,50.68,49.6,54.04,47.68,39.28,35.67999999999999,33.952,35.152,31.599999999999998,33.94,31.576,33.928,35.176,32.8,41.2,45.879999999999995,49.959999999999994,39.519999999999996,40.239999999999995,52.6,48.52,50.68,51.52,38.56,39.04,35.116,36.28,46.48,38.2,36.4,35.128,37.120000000000005,43.0,47.199999999999996,36.64,43.6,55.6,39.04,32.751999999999995,30.316,32.739999999999995,37.120000000000005,35.14,39.04,35.188,35.092,38.2,38.8,43.6,33.928,33.952,41.08,33.976,35.152,40.599999999999994,35.8,41.2,43.0,45.279999999999994,48.4,45.16,37.120000000000005,35.44,33.988,35.56,35.56,33.976,36.4,40.0,33.903999999999996,32.751999999999995,32.8,32.763999999999996,35.152,35.176,35.116,37.0,35.176,35.2,47.32,35.32,32.739999999999995,35.32,43.48,34.0,35.164,33.952,37.0,38.44,42.879999999999995,37.36,35.188,38.08,38.32,37.84,35.104,35.2,37.84,36.879999999999995,37.239999999999995,37.84,38.2,33.903999999999996,32.751999999999995,33.928,33.94,34.0,32.775999999999996,35.104,30.4,30.363999999999997,38.67999999999999,32.8,38.92,41.32,41.32,39.64,39.28,37.48,33.964,33.988,39.04,35.104,30.4,33.928,32.8,32.715999999999994,33.903999999999996,35.116,31.563999999999997,32.739999999999995,33.916,34.0,31.588,31.588,27.952,25.588,27.952,29.104,31.492,29.176,30.363999999999997,35.092,36.16,35.092,35.67999999999999,30.363999999999997,30.4,29.116,34.0,30.328,27.964,27.952,30.388,31.588,29.104,25.503999999999998,26.788,25.503999999999998,26.752,26.8,26.788,29.092,26.788,25.552,26.728,27.916,26.704,27.964,24.387999999999998,24.4,23.14,25.552,25.576,25.491999999999997,25.588,18.4,24.375999999999998,19.491999999999997,24.304000000000002,23.092,20.764000000000003,23.2,24.352,19.54,19.588,18.387999999999998,18.4,19.516,19.576,20.74,18.364,19.564,18.4,20.692,19.503999999999998,20.728,23.164,20.776,17.104,17.164,17.176000000000002,15.928,12.363999999999999,12.292,12.304000000000002,11.176,11.187999999999999,8.728000000000002,11.128000000000002,15.952000000000002,13.516,14.752,18.328,19.528,14.8,19.6,18.304000000000002,15.963999999999999,12.315999999999999,14.8,18.292,19.576,20.704,19.588,17.116,19.564,17.152,12.4,9.987999999999998,15.928,15.975999999999999,12.376000000000001,15.892,17.176000000000002,20.752000000000002,18.352,19.516,20.692,17.104,21.904,13.587999999999997,12.315999999999999,11.092,18.387999999999998,19.491999999999997,20.752000000000002,20.728,14.728000000000002,14.776,15.963999999999999,15.928,15.916,11.116,9.928,11.104000000000003,7.539999999999999,8.704000000000002,11.116,10.0,18.316,11.176,14.8,15.892,18.316,14.704,14.776,20.764000000000003,23.104,26.704,26.752,29.152,27.939999999999998,25.552,26.8,24.375999999999998,29.139999999999997,25.6,20.752000000000002,27.892,27.904,21.904,20.716,20.716,23.152,24.4,24.339999999999996,23.104,23.116,26.776,26.74,25.576,23.188000000000002,25.6,25.576,23.128,24.352,26.715999999999998,0.0
24.364,23.176000000000002,23.188000000000002,23.188000000000002,21.892,21.964,20.752000000000002,21.951999999999998,21.939999999999998,21.964,21.988,26.715999999999998,26.776,30.4,25.552,29.188,29.188,31.492,35.104,27.952,21.964,25.528,33.891999999999996,36.4,24.387999999999998,26.704,25.588,26.74,23.152,24.339999999999996,24.375999999999998,25.491999999999997,26.752,26.8,25.552,27.904,29.139999999999997,30.352,32.728,39.76,29.116,27.928,28.0,35.092,32.8,38.8,27.916,29.128,29.116,33.903999999999996,32.763999999999996,32.8,38.67999999999999,31.552,29.152,30.291999999999998,32.751999999999995,42.279999999999994,42.52,40.599999999999994,43.96,43.839999999999996,45.4,46.96,40.72,49.24,51.04,49.48,53.8,47.68,39.04,35.44,33.94,35.152,31.599999999999998,33.964,32.692,33.916,35.128,32.751999999999995,41.56,46.239999999999995,50.199999999999996,39.4,42.16,52.84,49.84,48.4,50.559999999999995,39.519999999999996,38.8,33.94,36.519999999999996,46.72,38.08,36.4,35.116,37.36,43.239999999999995,48.879999999999995,36.760000000000005,44.08,55.72,38.67999999999999,32.739999999999995,30.328,32.788,36.879999999999995,33.94,39.519999999999996,35.67999999999999,33.903999999999996,38.32,38.92,43.12,33.94,33.988,41.56,34.0,35.152,41.56,35.56,41.32,43.239999999999995,45.16,49.35999999999999,44.44,37.239999999999995,35.67999999999999,34.0,35.44,35.56,35.104,36.879999999999995,40.0,33.94,32.775999999999996,32.788,32.775999999999996,35.164,35.56,35.104,36.879999999999995,35.164,35.188,48.4,35.176,32.775999999999996,35.44,43.12,35.116,35.164,33.94,36.760000000000005,39.16,42.52,37.72,35.152,38.2,38.56,38.2,35.092,36.04,37.84,37.120000000000005,37.96,38.92,37.48,33.928,33.891999999999996,33.964,35.152,35.56,33.903999999999996,35.152,31.492,31.492,39.04,32.775999999999996,39.04,41.56,42.16,40.120000000000005,40.0,37.72,33.976,34.0,39.28,35.104,30.4,33.964,33.903999999999996,32.728,35.092,35.128,31.599999999999998,32.728,33.964,35.176,32.715999999999994,31.563999999999997,27.952,26.704,29.152,28.0,31.563999999999997,29.188,30.376,35.152,36.4,35.176,36.519999999999996,30.4,31.576,29.176,35.092,30.291999999999998,29.116,27.892,31.504,32.704,29.116,25.552,26.764,25.576,29.128,27.939999999999998,26.8,29.163999999999998,27.904,25.564,26.74,27.976,26.788,29.116,25.576,24.375999999999998,23.152,25.516,25.576,24.375999999999998,26.74,18.387999999999998,24.339999999999996,20.788,24.304000000000002,23.128,20.799999999999997,25.54,24.387999999999998,18.387999999999998,19.6,20.752000000000002,18.375999999999998,19.552,19.588,20.752000000000002,18.4,20.728,19.528,20.692,18.4,20.752000000000002,24.316,20.74,15.975999999999999,18.304000000000002,18.352,15.952000000000002,13.516,11.187999999999999,12.315999999999999,12.328000000000001,12.304000000000002,9.952000000000002,11.187999999999999,17.116,13.516,15.939999999999998,18.352,20.704,14.787999999999997,19.564,18.339999999999996,15.952000000000002,12.328000000000001,16.0,19.503999999999998,20.692,20.799999999999997,19.6,17.128,20.692,18.304000000000002,12.363999999999999,11.128000000000002,15.963999999999999,17.128,13.492,15.892,18.304000000000002,21.904,18.387999999999998,20.728,20.776,17.14,21.976,13.6,12.34,11.2,18.352,19.552,21.904,20.799999999999997,14.728000000000002,15.892,15.916,15.952000000000002,15.928,12.292,9.987999999999998,11.139999999999999,8.692,8.787999999999998,11.163999999999998,11.092,18.316,11.128000000000002,15.892,15.904000000000002,18.292,14.764,15.904000000000002,20.788,23.104,26.74,27.928,30.304000000000002,27.939999999999998,26.74,26.715999999999998,24.339999999999996,30.291999999999998,26.692,21.892,27.952,26.788,20.799999999999997,20.764000000000003,20.716,21.964,24.387999999999998,24.4,23.104,23.128,27.952,27.904,25.552,24.316,25.564,25.54,23.104,25.528,26.728,0.0
24.364,23.14,23.188000000000002,24.304000000000002,21.915999999999997,22.0,21.892,21.951999999999998,21.939999999999998,21.951999999999998,21.988,26.728,27.892,31.576,25.552,30.291999999999998,30.304000000000002,30.363999999999997,35.188,27.964,23.104,26.692,33.928,36.760000000000005,24.339999999999996,26.704,26.704,27.952,23.164,24.352,25.54,25.576,26.764,26.8,25.576,27.904,29.139999999999997,30.376,32.739999999999995,40.0,28.0,27.952,29.104,33.988,33.903999999999996,38.92,27.952,29.104,29.092,33.891999999999996,32.715999999999994,33.952,38.92,32.788,29.176,29.176,33.903999999999996,42.76,42.64,40.48,44.68,43.239999999999995,44.32,47.32,40.48,50.559999999999995,50.92,50.440000000000005,53.559999999999995,47.92,39.4,35.56,33.891999999999996,35.152,32.692,35.092,32.715999999999994,33.916,35.116,32.775999999999996,42.4,46.48,50.08,38.08,43.36,52.48,50.68,48.16,49.24,39.76,38.67999999999999,32.8,36.64,45.76,38.08,36.4,35.128,37.599999999999994,43.96,49.12,36.879999999999995,44.08,55.72,38.56,32.704,30.363999999999997,32.8,36.16,33.94,40.0,35.8,33.891999999999996,38.08,39.16,42.76,33.94,35.176,41.44,35.092,35.152,42.16,35.32,41.44,43.6,45.16,48.279999999999994,43.839999999999996,37.36,35.128,35.092,35.2,36.4,35.14,37.239999999999995,40.72,35.092,32.788,32.8,32.775999999999996,35.164,36.04,35.14,37.120000000000005,35.32,35.188,49.24,35.14,32.8,36.16,43.12,35.116,35.14,33.964,37.239999999999995,39.28,43.48,38.2,35.8,38.92,38.8,38.08,35.092,36.16,38.44,37.36,37.48,37.120000000000005,38.8,33.952,32.8,35.104,35.32,35.67999999999999,33.928,35.128,30.4,31.516,39.64,31.599999999999998,39.519999999999996,41.8,42.4,40.599999999999994,40.36,37.599999999999994,33.976,35.092,39.64,35.116,31.492,35.092,33.964,32.715999999999994,33.988,35.164,31.504,32.751999999999995,35.116,35.67999999999999,32.704,31.504,29.139999999999997,27.904,30.316,28.0,32.704,29.2,31.528000000000002,35.2,36.879999999999995,35.2,37.239999999999995,31.504,31.54,29.2,35.176,30.34,29.176,27.952,31.563999999999997,32.704,29.104,25.552,26.788,26.728,30.291999999999998,27.988,27.892,30.34,29.139999999999997,25.6,26.74,29.152,27.892,26.788,25.588,24.304000000000002,22.0,25.516,25.564,25.503999999999998,26.752,19.503999999999998,24.328,21.951999999999998,24.339999999999996,23.188000000000002,21.915999999999997,25.54,25.503999999999998,18.375999999999998,19.588,20.764000000000003,19.54,19.491999999999997,20.692,20.74,19.516,20.764000000000003,19.54,20.704,19.516,20.716,23.188000000000002,20.752000000000002,17.128,18.292,18.352,15.952000000000002,12.4,11.152000000000001,12.352,12.352,12.387999999999998,9.916,12.34,17.128,12.387999999999998,15.892,18.328,20.752000000000002,15.928,19.6,18.316,15.975999999999999,13.516,15.904000000000002,17.188,20.716,20.764000000000003,20.704,17.176000000000002,20.752000000000002,18.328,13.528000000000002,13.516,15.963999999999999,17.104,13.54,14.787999999999997,18.339999999999996,21.939999999999998,19.6,20.764000000000003,21.892,17.128,21.927999999999997,14.728000000000002,11.187999999999999,11.163999999999998,18.292,19.552,21.927999999999997,21.951999999999998,14.764,15.952000000000002,16.0,15.975999999999999,15.975999999999999,12.376000000000001,9.987999999999998,11.116,8.739999999999998,9.952000000000002,11.2,11.128000000000002,17.104,11.152000000000001,15.916,15.916,18.328,14.776,15.928,20.776,24.292,26.776,27.988,29.152,29.092,25.576,26.692,24.387999999999998,29.176,27.928,23.116,27.964,27.916,20.788,20.788,20.74,21.892,24.387999999999998,25.528,23.152,23.116,29.092,28.0,25.576,24.364,26.8,25.503999999999998,23.104,25.503999999999998,26.74,0.0
24.364,23.152,24.292,24.328,21.904,23.104,21.951999999999998,21.939999999999998,21.939999999999998,21.927999999999997,23.092,24.4,27.904,31.599999999999998,25.552,30.291999999999998,30.328,30.363999999999997,35.188,27.976,23.092,27.892,33.916,37.120000000000005,24.339999999999996,25.564,26.728,27.964,23.176000000000002,24.364,25.576,25.516,26.8,27.916,25.588,27.892,29.152,30.291999999999998,32.728,40.36,27.952,29.116,29.152,35.116,32.775999999999996,39.04,27.976,29.128,29.092,32.788,32.728,35.164,39.28,33.891999999999996,30.304000000000002,29.152,35.152,43.36,43.0,40.48,45.04,42.279999999999994,43.72,48.16,40.48,51.16,50.32,52.0,53.08,47.8,39.4,35.44,32.8,35.128,32.692,35.152,31.599999999999998,33.952,34.0,32.8,42.52,46.6,50.199999999999996,37.36,43.72,53.199999999999996,52.24,49.35999999999999,47.68,40.239999999999995,38.8,32.739999999999995,36.28,45.879999999999995,37.96,36.16,35.14,37.239999999999995,44.56,50.440000000000005,37.0,44.32,55.959999999999994,38.44,31.599999999999998,31.504,33.928,35.188,33.988,40.36,35.92,33.976,37.36,39.16,41.8,33.94,35.128,40.0,33.988,35.176,41.67999999999999,35.2,41.56,43.839999999999996,45.04,47.32,42.76,37.120000000000005,34.0,35.104,36.879999999999995,36.879999999999995,35.176,37.72,39.879999999999995,35.092,33.903999999999996,33.891999999999996,32.788,35.164,36.64,35.116,37.239999999999995,35.67999999999999,35.188,49.35999999999999,35.128,32.8,36.4,37.239999999999995,35.152,35.116,33.94,38.08,39.64,43.96,38.2,35.164,39.16,39.04,37.96,35.116,36.519999999999996,38.92,36.879999999999995,39.879999999999995,37.48,39.16,33.988,32.751999999999995,35.14,35.2,35.56,33.94,34.0,31.516,32.715999999999994,40.239999999999995,31.54,40.239999999999995,42.04,42.52,40.48,40.72,37.72,33.964,35.128,39.879999999999995,35.104,31.504,33.976,33.916,32.739999999999995,35.2,35.8,31.54,32.8,35.176,36.519999999999996,32.728,31.492,29.2,27.988,30.376,29.104,32.739999999999995,30.376,31.576,36.04,36.879999999999995,35.44,37.36,31.492,30.304000000000002,30.363999999999997,35.188,29.2,29.152,27.952,31.576,31.552,27.988,25.6,27.892,26.752,27.964,27.988,26.776,30.352,29.092,25.552,26.704,29.152,27.892,25.588,25.516,23.176000000000002,22.0,24.364,25.528,25.491999999999997,26.704,19.54,24.316,23.116,24.304000000000002,23.188000000000002,21.927999999999997,24.364,23.176000000000002,19.576,19.588,20.692,18.364,18.387999999999998,19.564,20.752000000000002,19.491999999999997,20.728,19.564,19.54,18.4,20.752000000000002,21.915999999999997,19.576,17.104,17.188,17.104,14.739999999999998,12.315999999999999,8.764,12.34,12.328000000000001,12.292,9.892,12.363999999999999,15.939999999999998,12.363999999999999,15.892,17.092,19.564,15.928,19.516,17.116,15.952000000000002,13.528000000000002,14.776,17.128,20.692,19.6,20.764000000000003,17.092,20.728,17.164,12.4,14.739999999999998,15.963999999999999,17.176000000000002,13.563999999999998,15.904000000000002,18.352,20.74,20.704,20.764000000000003,20.776,17.128,20.692,13.576,12.292,11.139999999999999,18.304000000000002,19.516,21.939999999999998,21.951999999999998,14.752,15.928,17.116,15.892,16.0,12.315999999999999,9.952000000000002,11.092,9.892,9.976,11.187999999999999,11.152000000000001,17.092,11.163999999999998,15.928,15.928,19.528,14.752,17.14,21.904,23.176000000000002,26.8,29.092,29.188,29.092,25.6,29.128,24.375999999999998,29.2,24.316,25.552,27.976,27.952,20.799999999999997,20.752000000000002,20.728,23.152,24.4,24.387999999999998,23.176000000000002,23.164,29.128,29.116,25.576,24.364,27.928,25.491999999999997,23.116,24.364,26.764,0.0
25.516,23.176000000000002,24.364,24.364,21.915999999999997,23.116,21.988,21.939999999999998,21.939999999999998,21.939999999999998,23.128,24.364,26.8,32.715999999999994,25.552,30.304000000000002,30.328,31.492,35.2,28.0,23.092,27.928,33.903999999999996,37.72,24.352,25.588,26.764,29.092,23.164,24.364,26.692,25.503999999999998,27.892,27.904,25.576,26.788,29.163999999999998,30.34,32.775999999999996,40.36,27.928,29.152,29.163999999999998,35.176,32.763999999999996,38.32,27.988,29.128,27.988,32.8,32.715999999999994,35.2,39.28,32.788,30.376,28.0,35.8,43.6,43.239999999999995,40.599999999999994,45.16,41.67999999999999,43.48,48.879999999999995,40.36,51.52,49.6,51.879999999999995,53.92,47.08,38.56,35.44,33.94,35.104,32.692,35.128,31.552,33.916,34.0,33.94,43.6,47.199999999999996,50.199999999999996,37.0,44.44,52.6,52.84,50.559999999999995,46.96,40.599999999999994,38.44,32.763999999999996,38.32,45.879999999999995,37.84,35.92,35.128,38.2,44.8,51.04,37.96,43.72,54.52,37.599999999999994,31.54,31.528000000000002,33.94,35.152,35.116,40.839999999999996,35.32,33.952,37.0,39.76,40.96,33.94,35.104,39.28,35.128,35.2,41.8,35.2,41.67999999999999,43.96,44.8,46.6,40.48,36.879999999999995,35.092,35.104,37.36,37.0,35.32,38.08,37.96,34.0,33.916,32.788,33.891999999999996,35.128,36.64,35.116,37.599999999999994,36.28,35.32,48.879999999999995,35.116,33.916,36.879999999999995,36.16,35.2,35.092,33.94,37.84,40.48,44.199999999999996,38.32,35.176,39.16,39.16,37.84,35.14,37.239999999999995,39.64,38.92,40.239999999999995,38.32,38.32,33.964,32.8,35.14,35.2,36.04,33.952,33.988,31.588,32.739999999999995,40.72,30.388,40.36,42.04,42.4,40.839999999999996,40.72,37.36,33.952,35.14,39.76,35.128,31.528000000000002,35.104,33.94,32.715999999999994,35.14,36.16,31.599999999999998,33.916,35.176,35.92,32.728,30.328,29.152,28.0,30.328,29.092,32.728,31.504,31.492,35.176,36.04,35.14,35.152,30.352,30.291999999999998,30.352,33.952,29.163999999999998,27.988,27.904,30.4,31.492,27.988,25.564,26.8,25.552,27.904,26.764,25.6,29.152,27.952,24.352,24.316,26.788,25.588,23.128,21.915999999999997,19.576,21.976,24.387999999999998,24.387999999999998,24.364,24.304000000000002,20.704,24.364,23.128,24.304000000000002,23.176000000000002,20.704,21.904,18.364,20.764000000000003,19.576,17.128,15.916,18.375999999999998,19.552,20.74,18.304000000000002,19.528,18.375999999999998,19.516,18.375999999999998,18.375999999999998,18.328,15.952000000000002,15.928,17.128,11.176,9.892,12.334,8.194,11.139999999999999,11.104000000000003,8.787999999999998,9.892,12.376000000000001,13.576,11.2,14.752,14.764,16.0,15.892,18.387999999999998,13.528000000000002,14.776,12.376000000000001,14.752,20.74,19.564,19.564,19.564,15.952000000000002,18.4,13.504000000000001,12.352,13.587999999999997,15.952000000000002,15.892,13.516,14.739999999999998,17.2,18.364,19.528,18.352,18.292,17.14,17.152,13.552000000000001,11.163999999999998,9.976,17.176000000000002,18.375999999999998,19.6,20.692,14.752,14.752,14.8,14.704,14.787999999999997,11.152000000000001,8.8,9.987999999999998,9.904000000000002,9.94,12.304000000000002,11.176,15.975999999999999,11.163999999999998,15.952000000000002,15.975999999999999,18.352,13.576,17.128,20.788,23.164,27.892,29.116,29.163999999999998,27.939999999999998,25.6,29.176,25.491999999999997,30.304000000000002,24.328,27.928,28.0,27.988,20.788,20.752000000000002,19.6,23.176000000000002,24.4,24.339999999999996,23.2,23.188000000000002,29.152,27.928,25.54,24.387999999999998,26.752,26.692,23.128,24.4,26.788,0.0
25.54,24.292,24.352,24.364,21.927999999999997,22.0,22.0,21.939999999999998,21.951999999999998,21.951999999999998,23.152,25.516,26.788,32.788,25.552,29.163999999999998,30.352,31.516,36.04,29.152,23.152,27.928,33.891999999999996,38.08,24.352,25.54,26.776,29.104,23.176000000000002,24.387999999999998,26.728,24.352,27.892,26.8,25.588,26.788,29.188,31.588,32.8,40.839999999999996,26.788,30.304000000000002,29.163999999999998,35.67999999999999,33.891999999999996,37.36,28.0,29.139999999999997,27.976,33.928,31.552,35.14,39.64,32.8,30.352,29.092,36.519999999999996,43.839999999999996,43.239999999999995,40.48,45.4,41.08,43.239999999999995,49.0,40.599999999999994,52.0,49.12,51.76,54.52,46.239999999999995,39.04,35.32,33.94,34.0,32.704,33.964,31.599999999999998,32.788,33.952,33.988,44.44,47.92,49.84,36.879999999999995,45.16,52.48,53.8,49.84,45.04,40.72,37.96,33.903999999999996,39.28,44.8,37.72,35.56,35.116,41.44,44.56,49.6,38.44,43.839999999999996,53.8,37.239999999999995,31.528000000000002,32.704,35.128,35.152,35.164,41.44,35.128,33.952,36.64,40.48,38.44,33.94,35.128,37.84,35.116,35.67999999999999,38.08,35.32,41.92,44.32,44.68,46.0,38.67999999999999,36.760000000000005,35.092,35.104,38.2,37.48,35.2,38.56,36.16,33.988,33.928,32.763999999999996,32.8,35.14,35.92,35.092,37.120000000000005,35.8,35.56,49.959999999999994,34.0,33.916,37.599999999999994,35.92,35.44,35.104,33.94,36.760000000000005,41.2,44.8,37.84,35.176,38.92,39.28,37.84,35.176,37.84,40.36,39.16,40.120000000000005,37.84,39.16,33.988,33.916,35.128,35.92,35.14,34.0,33.952,31.516,32.728,40.36,30.376,40.120000000000005,41.2,41.32,39.04,39.879999999999995,37.599999999999994,33.928,35.092,38.8,33.988,31.516,35.116,33.988,31.54,32.775999999999996,33.928,31.504,32.751999999999995,32.8,31.516,29.092,27.928,26.788,26.704,26.776,27.892,31.492,30.4,29.092,32.788,33.903999999999996,32.751999999999995,32.704,30.291999999999998,29.188,29.128,31.588,29.104,27.939999999999998,26.788,29.139999999999997,30.304000000000002,27.892,26.788,26.776,23.14,27.939999999999998,25.516,24.4,29.139999999999997,25.6,23.164,25.491999999999997,25.491999999999997,24.316,19.528,18.316,18.352,21.976,24.364,24.375999999999998,24.375999999999998,22.0,21.927999999999997,24.316,23.14,23.176000000000002,24.292,18.339999999999996,18.4,17.14,19.6,18.4,14.776,13.6,18.364,18.375999999999998,19.516,17.116,17.176000000000002,16.0,18.4,18.387999999999998,17.188,15.916,13.552000000000001,15.904000000000002,16.0,8.764,8.764,12.208,7.132,11.128000000000002,9.904000000000002,8.704000000000002,7.492000000000001,11.163999999999998,12.304000000000002,11.139999999999999,15.916,13.587999999999997,13.576,15.916,15.916,13.552000000000001,13.576,12.315999999999999,14.776,19.528,19.491999999999997,18.387999999999998,19.528,14.692,16.0,9.987999999999998,11.163999999999998,13.552000000000001,15.916,13.504000000000001,12.363999999999999,13.528000000000002,17.116,18.292,17.152,19.503999999999998,12.352,15.928,15.975999999999999,12.363999999999999,9.976,11.152000000000001,17.092,15.952000000000002,14.787999999999997,14.764,13.576,13.587999999999997,11.2,14.937999999999999,15.066400000000002,11.879199999999999,9.0436,10.204000000000002,10.732,10.570000000000002,11.163999999999998,12.315999999999999,14.752,9.928,15.928,15.975999999999999,15.952000000000002,12.304000000000002,17.092,19.6,23.164,26.788,26.764,27.988,26.788,25.54,26.692,24.328,27.976,21.927999999999997,25.564,24.375999999999998,25.576,20.788,20.799999999999997,19.588,21.927999999999997,24.364,24.304000000000002,23.164,23.188000000000002,29.116,26.788,26.728,24.304000000000002,26.704,23.188000000000002,23.092,24.4,26.8,0.0
25.503999999999998,23.2,23.2,24.292,21.927999999999997,23.104,23.116,21.927999999999997,21.939999999999998,21.939999999999998,23.152,26.776,27.892,32.751999999999995,25.491999999999997,29.152,30.304000000000002,30.4,35.8,29.163999999999998,23.152,27.952,32.8,37.599999999999994,24.352,25.528,26.8,29.092,23.176000000000002,24.4,26.74,24.339999999999996,27.892,26.752,25.576,26.752,30.304000000000002,33.928,33.94,40.839999999999996,26.74,30.363999999999997,29.163999999999998,35.44,33.976,36.519999999999996,29.128,29.116,27.988,33.964,30.4,35.92,39.76,33.891999999999996,30.34,29.092,37.0,44.199999999999996,43.12,40.239999999999995,45.52,40.599999999999994,43.6,48.879999999999995,40.839999999999996,52.72,48.76,52.12,54.52,45.279999999999994,37.96,35.188,33.94,33.964,32.692,32.775999999999996,31.552,33.952,33.916,34.0,44.8,48.64,49.0,36.28,46.12,53.32,54.279999999999994,50.08,44.32,40.120000000000005,37.96,33.964,39.28,43.48,37.48,35.188,35.128,42.879999999999995,45.04,49.24,38.92,44.8,52.35999999999999,36.4,30.363999999999997,32.751999999999995,35.152,35.128,35.176,41.8,33.976,33.976,37.120000000000005,41.08,37.96,33.903999999999996,35.176,36.04,33.988,35.92,36.28,35.8,41.92,44.56,44.32,45.879999999999995,39.04,36.64,34.0,35.116,38.32,37.120000000000005,35.2,38.92,35.92,33.964,33.952,32.751999999999995,32.8,35.128,35.56,35.092,36.519999999999996,35.92,36.64,48.76,33.964,33.964,37.96,35.56,35.67999999999999,33.976,33.94,35.8,41.08,43.96,37.72,35.152,38.67999999999999,39.28,37.599999999999994,35.152,36.4,39.28,36.760000000000005,38.08,36.28,36.28,33.964,32.8,32.788,31.552,33.928,33.952,32.728,31.504,33.891999999999996,38.8,30.304000000000002,39.64,39.16,38.56,37.0,37.48,35.44,32.8,35.14,37.48,35.176,32.692,33.916,32.739999999999995,30.34,31.504,31.492,30.316,31.588,30.4,30.291999999999998,25.552,25.503999999999998,24.364,24.387999999999998,25.491999999999997,25.576,30.291999999999998,30.291999999999998,26.74,31.54,31.54,30.376,30.363999999999997,29.116,28.0,27.976,30.363999999999997,29.092,26.752,26.715999999999998,26.788,27.939999999999998,26.8,26.764,27.916,20.788,26.752,23.2,23.128,29.104,24.328,21.988,25.528,23.164,23.188000000000002,18.292,14.739999999999998,17.188,23.164,24.339999999999996,23.2,24.387999999999998,20.704,21.939999999999998,21.964,21.904,23.104,24.292,17.128,17.128,15.939999999999998,19.564,18.364,14.8,12.315999999999999,17.152,18.316,17.176000000000002,14.692,15.939999999999998,14.787999999999997,18.316,18.375999999999998,17.116,14.764,12.315999999999999,14.8,15.916,8.8,8.8,12.076,6.063999999999998,9.928,8.692,7.552000000000001,7.947999999999999,9.892,11.116,12.304000000000002,13.504000000000001,12.34,14.692,15.928,13.587999999999997,11.2,12.34,12.304000000000002,13.587999999999997,17.164,18.387999999999998,18.328,18.364,13.516,14.704,8.716,11.092,13.54,14.752,9.987999999999998,11.139999999999999,13.6,14.8,18.292,15.939999999999998,15.928,11.2,13.576,13.504000000000001,12.315999999999999,9.916,11.128000000000002,15.928,14.739999999999998,12.4,13.492,13.576,13.576,9.94,14.687199999999997,14.847999999999999,11.888800000000002,8.814400000000001,9.976,11.3248,10.936000000000002,11.128000000000002,17.2,11.116,8.8,15.963999999999999,15.952000000000002,12.304000000000002,9.904000000000002,15.952000000000002,17.2,23.164,24.375999999999998,25.503999999999998,26.8,24.4,24.352,24.387999999999998,23.176000000000002,25.54,20.704,20.704,20.752000000000002,21.976,20.799999999999997,20.799999999999997,21.927999999999997,20.799999999999997,23.2,24.292,23.104,23.128,27.928,25.564,25.503999999999998,23.152,25.516,23.128,21.951999999999998,24.387999999999998,27.939999999999998,0.0
25.503999999999998,23.128,23.116,23.164,21.951999999999998,23.092,21.939999999999998,21.915999999999997,21.904,21.939999999999998,23.176000000000002,26.704,27.904,29.139999999999997,25.491999999999997,27.964,29.128,30.328,33.988,29.152,23.104,27.976,32.751999999999995,35.67999999999999,24.339999999999996,25.491999999999997,27.892,29.104,24.304000000000002,25.491999999999997,26.74,24.352,26.8,26.728,25.552,26.752,30.316,33.891999999999996,33.952,40.120000000000005,26.692,30.388,29.128,35.164,35.116,34.0,29.104,27.952,28.0,33.952,30.376,35.92,38.92,33.988,30.4,29.092,37.0,43.839999999999996,43.0,40.239999999999995,45.64,40.48,44.08,48.64,41.2,53.199999999999996,48.16,52.0,54.16,44.199999999999996,37.48,35.152,33.94,32.788,31.599999999999998,31.563999999999997,31.516,33.976,32.775999999999996,35.092,45.279999999999994,49.24,48.279999999999994,35.8,46.48,51.879999999999995,54.16,50.32,42.52,39.04,38.8,35.116,39.16,40.0,37.36,35.164,35.188,43.48,45.4,47.56,39.64,46.239999999999995,50.68,36.28,30.4,32.788,35.188,35.104,35.176,41.92,33.891999999999996,33.94,37.36,40.239999999999995,36.64,33.903999999999996,35.44,35.104,33.952,35.92,35.8,35.8,41.92,44.56,44.199999999999996,45.76,39.04,36.4,34.0,35.116,38.08,37.36,35.14,38.67999999999999,36.16,33.952,33.952,32.775999999999996,33.903999999999996,33.94,35.32,35.104,36.16,36.04,37.36,48.16,33.928,33.976,36.879999999999995,35.32,35.188,33.891999999999996,33.916,35.56,39.04,39.76,36.64,35.164,38.44,38.56,36.760000000000005,34.0,32.751999999999995,36.16,31.504,35.104,34.0,33.94,33.903999999999996,32.763999999999996,30.376,26.728,32.715999999999994,33.928,31.599999999999998,31.563999999999997,31.516,37.84,30.291999999999998,38.44,37.239999999999995,37.239999999999995,35.32,35.44,33.952,32.775999999999996,35.128,36.519999999999996,35.164,31.54,32.775999999999996,32.692,29.116,30.291999999999998,29.104,30.291999999999998,31.552,29.139999999999997,26.8,24.316,23.2,21.951999999999998,23.152,23.116,25.528,27.964,29.092,26.752,30.316,31.516,29.188,29.163999999999998,27.928,27.904,27.964,27.916,27.904,26.692,25.516,26.74,25.516,25.6,26.692,25.552,19.491999999999997,26.74,23.092,21.915999999999997,25.6,21.939999999999998,21.915999999999997,25.54,21.915999999999997,23.116,14.776,14.716,17.128,21.964,24.316,23.128,24.352,19.588,21.892,19.576,20.728,21.927999999999997,23.116,16.0,15.939999999999998,14.716,19.54,18.352,15.904000000000002,12.304000000000002,18.292,17.2,17.128,12.387999999999998,14.739999999999998,14.728000000000002,18.316,17.152,18.328,13.587999999999997,9.94,14.752,14.752,8.728000000000002,8.728000000000002,11.956,5.008,8.8,7.947999999999999,5.968000000000001,7.4559999999999995,8.704000000000002,9.987999999999998,9.987999999999998,13.516,13.6,13.552000000000001,14.8,13.528000000000002,11.116,11.2,11.176,12.363999999999999,14.8,20.788,19.491999999999997,17.14,12.304000000000002,12.376000000000001,8.716,9.892,13.516,13.54,11.104000000000003,9.987999999999998,13.528000000000002,14.716,17.14,14.787999999999997,13.563999999999998,9.904000000000002,11.187999999999999,13.492,11.092,8.776,12.387999999999998,14.752,15.892,9.987999999999998,12.352,13.504000000000001,13.492,8.728000000000002,14.436399999999999,14.6296,11.8984,8.585200000000002,9.748,11.917599999999998,11.302000000000001,11.092,18.339999999999996,8.764,8.716,15.904000000000002,15.963999999999999,11.139999999999999,7.6,15.939999999999998,15.987999999999998,21.976,21.964,23.164,24.387999999999998,23.092,23.092,23.152,21.927999999999997,23.164,20.692,18.4,17.176000000000002,19.552,20.764000000000003,20.799999999999997,23.104,20.788,21.939999999999998,23.104,21.988,21.988,24.4,24.292,21.927999999999997,20.752000000000002,23.188000000000002,21.988,21.915999999999997,24.316,27.976,0.0
24.352,21.964,21.976,23.104,23.104,21.927999999999997,21.939999999999998,21.927999999999997,21.892,21.915999999999997,23.128,25.516,27.892,26.728,24.387999999999998,26.752,27.916,29.176,32.692,29.092,21.976,27.952,31.599999999999998,35.104,24.339999999999996,24.375999999999998,26.74,25.6,23.176000000000002,24.4,25.588,24.316,26.752,26.752,25.503999999999998,26.728,29.163999999999998,31.552,33.903999999999996,37.36,25.564,30.304000000000002,27.976,33.916,32.775999999999996,32.788,27.976,27.939999999999998,29.092,33.903999999999996,30.352,35.164,38.08,35.116,30.4,27.988,37.0,43.48,42.879999999999995,40.36,46.12,40.239999999999995,43.72,48.279999999999994,41.56,52.959999999999994,48.04,51.52,53.559999999999995,43.36,37.120000000000005,35.152,33.94,32.775999999999996,32.704,31.516,31.576,33.988,32.715999999999994,35.104,45.879999999999995,49.6,47.44,35.92,47.32,51.279999999999994,53.559999999999995,50.32,41.32,38.8,38.8,35.128,40.36,39.28,37.48,35.116,35.188,43.6,45.76,47.199999999999996,40.0,47.44,48.279999999999994,36.04,30.316,32.788,35.32,33.988,36.4,41.67999999999999,33.891999999999996,33.94,37.48,40.36,36.28,32.788,35.188,35.164,33.94,35.92,35.56,35.67999999999999,41.8,44.44,43.6,45.16,39.519999999999996,36.04,35.104,35.104,37.84,35.92,33.976,38.08,37.0,33.916,33.964,32.788,33.916,32.788,35.188,34.0,35.188,36.04,38.08,45.879999999999995,32.763999999999996,34.0,35.92,35.188,33.964,32.739999999999995,33.891999999999996,35.104,37.48,36.04,35.14,35.14,38.08,38.2,36.04,33.916,31.599999999999998,35.116,30.291999999999998,32.763999999999996,32.751999999999995,31.516,33.891999999999996,32.704,25.588,25.491999999999997,31.492,32.8,29.152,32.692,31.552,36.4,29.176,38.56,35.67999999999999,35.44,34.0,33.988,33.94,32.775999999999996,33.964,35.44,35.14,31.54,31.599999999999998,31.576,27.964,30.388,26.704,30.328,30.363999999999997,27.964,27.892,23.104,23.092,21.892,20.788,20.692,24.292,26.728,26.74,25.54,29.163999999999998,30.388,29.128,29.092,26.788,26.8,27.904,26.715999999999998,26.8,25.491999999999997,25.516,25.516,24.292,25.503999999999998,26.728,26.776,17.2,25.6,21.892,19.54,25.491999999999997,20.704,20.752000000000002,25.491999999999997,20.788,21.927999999999997,14.787999999999997,15.904000000000002,17.092,21.927999999999997,25.503999999999998,21.964,23.188000000000002,18.328,21.988,18.387999999999998,20.752000000000002,21.904,21.939999999999998,15.904000000000002,15.892,14.752,18.364,17.188,15.952000000000002,12.376000000000001,15.928,17.188,14.787999999999997,12.304000000000002,13.563999999999998,12.4,18.304000000000002,16.0,17.188,14.704,11.152000000000001,14.764,14.752,7.5760000000000005,7.5760000000000005,11.829999999999998,3.945999999999998,9.928,6.976000000000001,4.636000000000002,6.952000000000002,8.704000000000002,9.987999999999998,11.092,12.4,12.304000000000002,13.504000000000001,14.739999999999998,12.352,8.787999999999998,11.2,12.34,12.292,14.716,18.375999999999998,17.128,15.916,11.187999999999999,11.139999999999999,7.516,8.716,12.292,13.504000000000001,9.952000000000002,9.904000000000002,12.328000000000001,14.704,14.776,13.587999999999997,13.516,9.952000000000002,9.963999999999999,13.504000000000001,11.176,8.692,14.704,13.528000000000002,15.975999999999999,11.104000000000003,11.176,12.387999999999998,11.116,7.516,14.185599999999999,14.411199999999997,11.908,8.355999999999998,9.520000000000001,12.510399999999999,11.668000000000001,8.787999999999998,17.164,8.728000000000002,6.4,14.728000000000002,15.904000000000002,11.092,8.704000000000002,15.928,14.787999999999997,20.704,19.6,20.74,21.927999999999997,20.776,23.164,20.799999999999997,20.764000000000003,21.904,19.564,18.328,17.092,18.304000000000002,20.74,20.788,21.976,21.904,20.716,21.964,20.764000000000003,21.904,23.14,23.176000000000002,20.764000000000003,20.776,22.0,21.927999999999997,20.799999999999997,23.152,27.952,0.0
24.328,21.904,21.904,21.915999999999997,23.14,20.752000000000002,21.951999999999998,21.915999999999997,20.764000000000003,21.892,21.939999999999998,25.491999999999997,25.6,25.552,24.352,25.552,26.715999999999998,28.0,30.316,27.939999999999998,21.904,27.964,31.576,32.8,24.304000000000002,25.503999999999998,26.704,25.576,23.14,24.4,25.6,23.2,25.6,26.764,25.503999999999998,25.564,27.988,30.328,32.775999999999996,33.891999999999996,25.528,29.128,27.952,32.692,32.692,31.599999999999998,27.964,27.928,29.116,32.728,29.176,33.976,37.120000000000005,35.104,30.34,27.964,36.64,42.879999999999995,42.879999999999995,40.48,45.4,40.36,43.36,48.04,42.64,52.35999999999999,47.56,50.440000000000005,52.12,42.4,37.0,35.152,33.94,32.8,32.715999999999994,31.492,31.563999999999997,33.952,31.576,35.092,46.239999999999995,49.72,46.72,35.67999999999999,47.44,50.68,53.08,49.35999999999999,40.0,39.4,38.44,35.128,40.599999999999994,38.32,37.239999999999995,33.903999999999996,35.2,43.96,45.879999999999995,46.0,40.48,48.4,47.92,35.67999999999999,29.104,32.775999999999996,35.176,33.916,37.599999999999994,41.44,32.788,35.104,37.36,40.239999999999995,36.28,33.903999999999996,35.152,35.164,33.952,35.2,35.188,35.67999999999999,41.56,44.32,43.239999999999995,44.199999999999996,39.4,35.56,35.104,35.092,36.760000000000005,35.092,33.903999999999996,36.28,36.28,33.928,33.952,32.8,33.891999999999996,32.715999999999994,35.176,35.128,35.104,36.04,38.56,44.199999999999996,32.728,33.976,35.14,35.128,32.763999999999996,32.692,32.775999999999996,32.788,36.04,35.188,33.903999999999996,35.092,38.32,37.84,35.56,32.728,30.4,32.751999999999995,27.928,29.188,31.563999999999997,30.352,32.715999999999994,31.492,24.292,24.328,29.188,31.552,25.516,32.704,32.728,36.28,29.092,38.08,35.164,35.128,33.903999999999996,32.8,31.492,32.715999999999994,33.94,35.188,35.116,30.4,31.528000000000002,31.588,27.904,30.363999999999997,24.4,31.552,29.176,26.764,26.776,20.764000000000003,23.128,20.716,20.704,19.491999999999997,24.352,24.375999999999998,25.491999999999997,24.328,30.363999999999997,30.34,27.928,29.092,26.752,26.764,26.776,25.564,25.503999999999998,24.4,25.6,24.364,23.116,24.292,26.704,26.715999999999998,15.975999999999999,24.339999999999996,20.704,19.6,25.503999999999998,20.776,21.915999999999997,24.387999999999998,20.776,23.128,15.904000000000002,15.939999999999998,15.963999999999999,21.927999999999997,24.339999999999996,21.976,23.2,17.116,21.951999999999998,17.176000000000002,23.104,20.716,20.776,18.292,14.692,14.728000000000002,17.104,17.092,14.692,12.376000000000001,15.928,15.963999999999999,17.176000000000002,9.987999999999998,12.292,11.092,18.4,14.776,18.316,14.764,12.4,15.904000000000002,13.587999999999997,6.4,6.4,11.704000000000002,2.8840000000000003,8.752,6.004000000000002,3.316,6.460000000000001,8.704000000000002,9.987999999999998,9.94,11.176,12.292,13.516,14.704,12.292,8.776,10.0,12.328000000000001,11.176,14.716,17.14,15.928,15.963999999999999,12.352,9.963999999999999,7.539999999999999,7.492000000000001,9.987999999999998,12.4,11.128000000000002,10.0,12.352,13.587999999999997,14.8,13.587999999999997,13.6,8.752,11.104000000000003,12.376000000000001,10.0,7.8616,15.952000000000002,12.328000000000001,17.116,9.928,11.092,12.328000000000001,9.963999999999999,6.304000000000002,13.9348,14.192799999999998,11.917599999999998,8.1268,9.292,13.103199999999998,12.034,9.928,15.928,8.692,5.794000000000001,12.328000000000001,14.8,8.764,6.352000000000001,14.739999999999998,13.552000000000001,20.716,18.328,19.503999999999998,20.788,18.387999999999998,23.104,19.516,20.716,21.892,19.516,17.188,15.892,15.916,19.528,21.892,19.564,20.764000000000003,19.54,20.704,19.516,20.752000000000002,20.692,23.128,20.728,19.528,21.939999999999998,21.904,20.74,23.116,27.892,0.0
23.176000000000002,20.799999999999997,20.752000000000002,20.799999999999997,23.176000000000002,19.6,21.927999999999997,21.904,20.752000000000002,20.788,21.892,24.352,25.528,26.715999999999998,24.328,24.4,25.576,27.988,29.128,26.764,21.964,27.916,31.528000000000002,32.692,24.304000000000002,24.375999999999998,25.576,25.552,21.988,25.503999999999998,25.552,23.128,25.576,26.788,24.4,24.4,27.916,30.34,32.728,32.763999999999996,25.491999999999997,27.892,27.928,31.528000000000002,31.599999999999998,32.704,27.939999999999998,27.928,29.116,31.54,29.152,33.952,35.67999999999999,33.976,30.34,26.8,37.239999999999995,42.4,42.16,40.48,44.8,40.72,43.48,46.96,44.199999999999996,51.879999999999995,47.68,49.84,51.52,41.67999999999999,36.879999999999995,35.176,33.916,33.891999999999996,32.704,31.504,31.54,33.891999999999996,31.54,33.988,47.199999999999996,49.48,45.76,36.28,47.56,49.0,51.64,47.56,36.16,39.519999999999996,37.96,35.14,40.599999999999994,38.08,37.120000000000005,32.788,35.44,43.72,45.04,44.44,40.96,47.92,46.72,35.56,29.116,32.788,35.116,33.903999999999996,38.56,41.08,32.739999999999995,35.128,37.120000000000005,40.239999999999995,36.16,32.8,35.104,35.152,33.94,35.176,35.128,35.92,41.32,43.96,42.16,43.839999999999996,39.16,35.56,35.116,34.0,35.188,33.916,33.891999999999996,35.2,35.2,33.928,33.952,33.903999999999996,33.891999999999996,32.715999999999994,35.14,35.116,33.964,35.67999999999999,38.67999999999999,43.96,32.704,35.116,33.964,34.0,31.599999999999998,31.588,32.763999999999996,31.552,35.116,35.128,32.704,33.988,38.08,37.36,35.2,31.516,30.363999999999997,30.388,25.503999999999998,27.892,30.388,30.316,31.576,31.54,21.915999999999997,21.964,28.0,31.492,24.328,31.588,33.916,35.8,27.988,36.64,35.128,35.092,33.903999999999996,33.964,31.599999999999998,32.692,33.94,35.32,35.092,30.304000000000002,30.328,30.363999999999997,26.8,30.291999999999998,24.292,32.704,29.128,26.74,27.952,19.6,21.915999999999997,20.799999999999997,18.387999999999998,20.74,24.364,23.176000000000002,23.164,24.292,29.092,30.352,30.328,27.976,25.588,24.387999999999998,27.892,25.6,25.54,21.951999999999998,24.4,23.164,21.939999999999998,23.188000000000002,25.564,24.339999999999996,21.927999999999997,23.092,20.728,18.352,24.352,20.692,20.704,24.364,20.74,23.128,14.8,14.8,15.916,23.176000000000002,24.316,23.14,23.092,17.176000000000002,20.788,15.963999999999999,23.176000000000002,19.564,18.375999999999998,17.152,14.716,13.6,15.987999999999998,15.916,13.563999999999998,11.152000000000001,13.492,15.987999999999998,15.987999999999998,11.139999999999999,12.363999999999999,9.952000000000002,18.4,13.6,17.188,17.092,12.292,14.716,13.492,7.6,7.6,11.572,1.8160000000000007,8.716,5.031999999999999,1.984,5.968000000000001,8.739999999999998,9.976,9.976,11.176,9.987999999999998,11.2,13.576,11.139999999999999,8.752,9.94,12.304000000000002,11.2,15.952000000000002,17.104,14.752,14.8,13.504000000000001,8.787999999999998,7.516,6.304000000000002,11.187999999999999,11.2,8.776,8.764,12.363999999999999,13.54,13.563999999999998,12.315999999999999,11.2,8.728000000000002,9.976,12.315999999999999,8.728000000000002,7.247199999999999,13.504000000000001,12.363999999999999,14.787999999999997,9.952000000000002,11.176,11.176,9.904000000000002,7.492000000000001,13.684000000000001,13.974400000000001,11.927200000000003,7.8976000000000015,9.063999999999998,13.695999999999998,12.4,7.6,13.504000000000001,8.739999999999998,7.552000000000001,13.54,14.752,8.739999999999998,5.041599999999998,15.892,12.376000000000001,20.692,18.292,18.304000000000002,20.788,18.387999999999998,21.964,17.2,18.352,20.692,18.4,17.116,14.8,15.904000000000002,18.375999999999998,20.74,18.387999999999998,20.776,19.528,18.375999999999998,19.6,20.74,19.503999999999998,21.892,19.588,19.564,20.716,21.939999999999998,19.516,21.915999999999997,26.776,0.0
23.104,21.939999999999998,20.716,20.728,23.188000000000002,20.692,21.976,21.915999999999997,20.74,21.892,21.904,24.328,25.503999999999998,24.4,23.176000000000002,24.339999999999996,25.564,27.904,29.139999999999997,25.6,21.988,27.916,31.492,31.576,24.316,24.387999999999998,25.54,24.4,23.092,25.54,25.528,23.176000000000002,25.552,26.776,24.352,25.503999999999998,26.728,30.328,32.715999999999994,30.363999999999997,24.4,26.715999999999998,27.904,30.388,31.576,32.728,26.8,27.952,29.116,31.492,29.116,33.952,35.164,35.128,30.328,27.928,36.4,43.0,41.67999999999999,40.72,44.44,40.599999999999994,43.0,46.36,45.52,51.76,48.279999999999994,49.35999999999999,50.68,40.72,36.760000000000005,35.152,33.916,33.891999999999996,32.704,31.516,30.4,32.8,31.528000000000002,33.988,46.96,49.24,45.16,36.519999999999996,48.279999999999994,47.32,50.440000000000005,47.44,36.4,39.76,37.72,35.164,40.72,38.56,37.239999999999995,32.788,35.2,44.56,44.56,43.0,41.08,47.68,45.279999999999994,35.32,27.976,32.775999999999996,34.0,32.775999999999996,38.2,40.599999999999994,32.692,35.152,37.120000000000005,40.120000000000005,35.44,32.739999999999995,35.116,35.164,33.952,35.176,35.116,36.760000000000005,41.08,44.08,42.52,43.6,38.56,35.56,35.116,35.092,35.116,33.928,32.739999999999995,35.116,34.0,33.928,33.916,33.891999999999996,33.916,32.739999999999995,35.14,34.0,33.988,35.56,38.67999999999999,42.76,31.599999999999998,33.928,33.952,33.94,30.4,31.576,32.8,30.34,33.952,33.964,31.504,33.988,37.84,37.239999999999995,35.164,30.34,30.34,29.176,24.4,27.892,30.304000000000002,29.152,30.376,31.552,19.576,23.2,27.988,29.176,23.116,30.316,33.988,35.164,29.116,37.0,35.44,33.976,33.952,33.952,30.4,32.788,35.104,35.092,33.988,30.291999999999998,31.516,29.2,27.928,29.2,24.316,32.775999999999996,29.128,26.692,27.904,20.704,21.951999999999998,20.692,19.516,23.116,21.976,21.904,23.092,23.164,30.291999999999998,31.492,29.139999999999997,27.928,26.692,24.375999999999998,27.928,24.339999999999996,24.364,21.951999999999998,25.491999999999997,23.152,24.304000000000002,21.951999999999998,25.576,24.328,21.939999999999998,20.752000000000002,19.588,18.304000000000002,24.316,20.799999999999997,20.752000000000002,24.328,19.588,22.0,15.939999999999998,14.728000000000002,14.752,21.904,23.116,21.939999999999998,20.799999999999997,15.892,21.939999999999998,17.152,23.188000000000002,17.188,18.352,18.328,16.0,13.563999999999998,15.916,14.739999999999998,12.363999999999999,11.163999999999998,12.292,17.092,15.916,9.928,10.0,8.8,18.4,13.563999999999998,17.14,15.928,12.376000000000001,13.54,11.128000000000002,7.6,7.6,11.452000000000002,0.7600000000000016,5.2,4.060000000000001,0.6639999999999997,5.476000000000001,8.584,9.987999999999998,9.916,12.4,9.952000000000002,12.376000000000001,14.752,11.128000000000002,8.716,8.776,9.987999999999998,11.2,14.787999999999997,15.975999999999999,15.939999999999998,14.764,12.292,7.6,7.539999999999999,5.106400000000001,9.976,12.387999999999998,8.776,8.776,13.504000000000001,15.916,11.187999999999999,12.292,12.292,10.0,11.104000000000003,11.187999999999999,7.492000000000001,6.6328,12.363999999999999,11.128000000000002,14.776,9.963999999999999,9.94,9.94,9.904000000000002,8.752,13.433200000000001,13.755999999999998,11.936800000000002,7.668399999999998,8.836000000000002,14.288800000000002,12.766,8.716,11.163999999999998,8.764,7.5760000000000005,13.576,14.728000000000002,7.6,3.7312000000000003,15.904000000000002,12.352,19.516,17.176000000000002,18.364,20.764000000000003,18.387999999999998,21.927999999999997,17.2,19.6,19.576,18.364,17.116,14.776,17.116,19.588,19.6,17.2,20.764000000000003,17.128,18.352,17.092,20.692,20.764000000000003,20.692,20.704,20.704,19.576,21.927999999999997,19.528,22.0,26.752,0.0
23.104,21.915999999999997,19.576,18.364,23.2,20.716,23.128,20.799999999999997,20.728,20.799999999999997,21.951999999999998,23.152,24.352,24.304000000000002,23.176000000000002,24.292,25.564,27.939999999999998,29.104,24.375999999999998,21.988,27.904,31.492,31.528000000000002,24.304000000000002,24.387999999999998,25.503999999999998,25.503999999999998,23.104,25.503999999999998,24.4,23.176000000000002,25.552,26.788,24.375999999999998,25.564,25.6,30.352,32.728,30.34,24.375999999999998,26.692,27.892,30.4,32.739999999999995,32.739999999999995,26.8,27.952,29.152,31.492,29.128,33.916,35.128,35.2,31.492,27.964,36.4,43.72,41.56,40.599999999999994,44.68,41.08,42.52,46.6,45.879999999999995,51.64,48.76,49.6,50.68,39.16,37.0,35.14,33.916,33.928,32.692,31.504,31.504,32.8,31.528000000000002,35.092,46.48,49.12,45.879999999999995,36.28,47.8,45.879999999999995,50.32,47.32,36.64,39.28,37.120000000000005,35.44,40.96,38.44,37.36,32.751999999999995,36.04,44.44,44.56,40.839999999999996,40.96,47.44,44.199999999999996,35.176,28.0,32.775999999999996,35.104,32.739999999999995,38.32,39.879999999999995,32.692,35.152,37.120000000000005,41.32,35.164,32.739999999999995,35.128,35.14,33.964,35.176,35.104,37.48,41.08,43.6,42.76,44.08,38.67999999999999,35.14,35.092,34.0,35.128,33.916,32.715999999999994,34.0,33.964,33.976,33.903999999999996,33.903999999999996,32.775999999999996,32.763999999999996,35.14,33.976,33.976,36.16,38.92,41.8,32.692,33.928,33.903999999999996,32.788,30.328,31.504,32.775999999999996,30.304000000000002,33.928,33.988,30.34,35.104,37.48,37.0,35.116,30.304000000000002,30.291999999999998,30.291999999999998,24.339999999999996,29.152,29.176,29.188,30.352,31.516,20.74,24.4,29.104,28.0,21.976,31.504,34.0,35.176,27.988,36.04,35.56,35.116,33.94,35.116,30.388,33.964,36.16,33.964,33.94,29.104,31.516,30.388,27.892,30.316,25.516,33.891999999999996,26.8,25.588,26.704,21.915999999999997,21.904,19.588,19.576,21.939999999999998,23.092,21.927999999999997,21.915999999999997,23.128,29.104,30.328,30.363999999999997,27.964,26.776,23.14,27.939999999999998,24.375999999999998,23.092,20.728,25.491999999999997,23.188000000000002,24.328,21.892,25.503999999999998,24.352,21.951999999999998,20.752000000000002,19.6,18.364,23.164,19.528,20.692,23.2,20.692,23.116,15.892,13.552000000000001,15.928,20.752000000000002,21.964,20.716,20.716,15.904000000000002,21.915999999999997,15.987999999999998,23.2,17.188,18.387999999999998,18.339999999999996,15.904000000000002,13.54,14.787999999999997,14.787999999999997,12.328000000000001,9.916,12.315999999999999,15.987999999999998,14.716,9.952000000000002,9.963999999999999,8.776,19.503999999999998,13.504000000000001,19.491999999999997,15.928,12.328000000000001,12.304000000000002,11.092,7.539999999999999,7.539999999999999,11.326,-0.3020000000000014,5.2,3.0760000000000005,-0.668000000000001,4.984000000000001,8.679999999999998,8.787999999999998,8.764,13.492,9.916,12.387999999999998,13.6,11.152000000000001,8.728000000000002,7.516,8.787999999999998,12.376000000000001,14.764,17.152,14.787999999999997,14.739999999999998,14.728000000000002,7.492000000000001,7.528000000000002,3.9087999999999994,9.963999999999999,12.304000000000002,8.716,11.163999999999998,13.576,15.952000000000002,11.187999999999999,11.187999999999999,12.304000000000002,9.976,9.904000000000002,9.987999999999998,7.225857148000001,6.018399999999998,11.2,12.304000000000002,12.352,9.963999999999999,11.116,9.904000000000002,9.916,9.892,13.182400000000001,13.537600000000001,11.9464,7.4392,8.608,14.881600000000002,13.132,7.587999999999998,11.128000000000002,7.516,7.587999999999998,14.787999999999997,13.552000000000001,7.6,2.4208000000000016,17.104,13.587999999999997,19.54,18.375999999999998,18.387999999999998,20.74,19.588,21.939999999999998,17.116,18.387999999999998,19.6,18.4,17.092,15.928,17.164,19.576,19.588,18.339999999999996,18.4,17.152,17.164,18.387999999999998,19.588,20.728,20.728,19.588,20.716,19.552,20.788,19.528,20.752000000000002,26.704,0.0
23.092,20.764000000000003,19.588,19.503999999999998,23.176000000000002,19.564,23.176000000000002,20.788,20.716,21.892,21.951999999999998,24.304000000000002,24.304000000000002,24.364,23.2,24.316,24.352,27.964,29.188,23.176000000000002,23.092,26.788,31.563999999999997,30.388,24.316,24.364,25.528,24.364,23.116,25.516,24.387999999999998,23.176000000000002,25.564,26.788,25.516,25.576,27.988,30.388,32.763999999999996,30.304000000000002,24.387999999999998,26.704,27.904,30.388,33.952,32.715999999999994,27.916,27.976,29.2,30.4,29.176,33.903999999999996,35.128,35.2,31.588,29.092,36.519999999999996,43.72,41.8,40.72,45.279999999999994,41.92,43.0,45.879999999999995,46.72,52.24,49.35999999999999,51.16,50.68,39.16,37.36,35.128,33.94,32.788,32.692,31.492,31.504,33.952,31.528000000000002,34.0,46.36,49.35999999999999,46.36,35.92,48.64,45.4,49.959999999999994,47.56,37.36,38.8,37.239999999999995,35.44,41.8,38.44,37.120000000000005,32.788,35.67999999999999,44.68,45.4,40.36,40.839999999999996,48.76,41.56,35.116,29.104,33.988,35.2,32.751999999999995,38.44,38.92,31.563999999999997,35.164,37.239999999999995,42.04,35.104,32.715999999999994,35.188,35.44,34.0,35.56,35.116,37.84,41.08,43.72,43.48,45.64,37.96,35.14,33.988,33.988,35.176,32.8,32.728,35.14,33.891999999999996,33.976,33.916,33.916,32.788,33.903999999999996,35.176,33.988,35.104,36.4,39.28,41.2,31.588,34.0,33.976,32.763999999999996,31.504,31.528000000000002,33.928,30.328,33.928,33.964,30.316,35.104,37.599999999999994,37.239999999999995,35.092,30.316,30.316,29.176,24.316,26.776,30.328,27.988,30.363999999999997,32.8,19.552,27.904,29.104,27.916,23.164,31.516,35.128,35.128,29.116,36.879999999999995,36.4,35.092,33.952,35.092,31.516,33.988,37.599999999999994,33.964,33.928,30.352,31.552,30.376,26.8,29.2,26.715999999999998,33.891999999999996,27.892,26.776,26.704,20.799999999999997,21.915999999999997,20.716,20.692,22.0,20.799999999999997,23.128,23.188000000000002,23.152,29.188,30.291999999999998,27.976,27.892,25.564,23.128,27.928,23.128,21.892,19.564,25.564,25.588,24.328,19.516,24.352,23.14,21.988,21.904,18.4,19.564,22.0,18.387999999999998,20.74,23.164,19.6,23.092,14.8,14.692,15.975999999999999,21.951999999999998,24.328,20.788,19.552,15.987999999999998,21.939999999999998,15.987999999999998,23.188000000000002,17.188,17.176000000000002,17.2,17.116,14.728000000000002,13.54,14.728000000000002,12.292,11.152000000000001,11.152000000000001,17.164,15.939999999999998,9.94,11.104000000000003,8.8,19.503999999999998,13.492,19.552,15.952000000000002,12.34,11.163999999999998,9.976,8.704000000000002,8.704000000000002,11.2,-1.363999999999999,7.5760000000000005,2.1040000000000028,-1.9879999999999978,4.479999999999999,8.728000000000002,8.752,9.94,12.352,12.315999999999999,13.563999999999998,13.528000000000002,12.304000000000002,8.787999999999998,7.504000000000002,11.092,12.328000000000001,14.752,17.128,13.6,15.892,12.387999999999998,6.4,8.728000000000002,7.504000000000002,9.987999999999998,13.587999999999997,9.976,12.328000000000001,12.4,14.728000000000002,12.304000000000002,13.552000000000001,12.304000000000002,11.128000000000002,9.987999999999998,10.0,6.4227142839999996,5.404000000000003,12.304000000000002,12.315999999999999,12.304000000000002,12.292,11.092,9.928,9.94,11.092,12.931600000000001,13.319199999999999,11.956,7.210000000000001,8.379999999999999,15.474400000000001,13.498,7.587999999999998,11.128000000000002,7.552000000000001,7.539999999999999,15.904000000000002,12.4,9.904000000000002,1.1103999999999985,15.963999999999999,13.504000000000001,19.6,17.164,18.316,19.6,19.528,20.799999999999997,17.14,19.516,19.552,19.528,17.152,15.987999999999998,18.339999999999996,19.564,19.552,19.516,20.692,19.503999999999998,18.387999999999998,19.564,20.704,20.716,20.788,19.552,21.892,20.776,20.764000000000003,20.704,21.939999999999998,25.6,0.0
23.128,20.764000000000003,20.728,19.491999999999997,23.176000000000002,19.6,23.164,20.776,20.776,21.927999999999997,22.0,24.292,24.352,24.387999999999998,23.176000000000002,24.375999999999998,25.576,27.976,30.291999999999998,23.092,23.152,27.976,31.599999999999998,30.328,24.328,24.364,25.552,24.364,23.128,25.564,24.375999999999998,24.339999999999996,25.552,26.752,25.54,26.764,28.0,31.492,33.964,29.2,24.387999999999998,26.704,27.952,31.504,35.56,31.599999999999998,27.928,27.976,30.316,30.376,30.328,33.988,35.152,35.44,32.739999999999995,29.188,36.879999999999995,43.6,42.04,40.839999999999996,45.76,43.12,43.0,45.4,47.68,52.959999999999994,49.959999999999994,51.16,50.68,39.28,37.0,35.128,33.952,32.751999999999995,31.588,30.352,31.504,33.988,31.516,34.0,46.6,49.48,46.6,35.92,49.959999999999994,44.92,49.48,48.279999999999994,36.879999999999995,38.56,37.36,35.67999999999999,42.279999999999994,38.44,37.0,33.891999999999996,35.67999999999999,44.8,45.76,39.519999999999996,41.08,48.879999999999995,43.12,35.104,29.163999999999998,33.891999999999996,35.92,32.715999999999994,38.67999999999999,37.84,31.599999999999998,35.176,37.36,42.879999999999995,33.988,32.704,36.28,35.188,35.14,36.28,35.152,38.2,41.2,44.68,43.96,46.36,37.96,35.128,33.94,33.988,35.2,33.903999999999996,32.739999999999995,35.2,33.916,34.0,35.104,33.976,32.775999999999996,33.928,35.188,35.104,35.128,36.16,39.519999999999996,40.72,32.715999999999994,34.0,35.092,32.775999999999996,31.504,31.599999999999998,33.916,30.4,33.928,34.0,30.34,35.14,37.48,37.48,35.14,30.352,30.376,30.291999999999998,25.552,26.776,30.388,29.092,31.492,34.0,20.692,29.092,27.976,27.976,23.2,30.363999999999997,35.188,35.8,30.291999999999998,37.0,36.16,34.0,33.952,33.976,31.54,33.988,38.08,33.94,33.964,30.316,33.976,30.328,26.704,28.0,26.764,33.891999999999996,26.764,27.976,26.715999999999998,23.116,21.939999999999998,20.728,20.752000000000002,21.951999999999998,24.304000000000002,23.104,24.292,24.4,30.328,29.188,29.092,27.964,25.576,24.292,27.988,24.4,20.764000000000003,18.375999999999998,26.728,26.715999999999998,24.328,19.6,24.328,21.964,18.339999999999996,20.776,19.54,19.528,21.939999999999998,18.292,21.892,23.116,20.692,23.104,14.728000000000002,13.552000000000001,18.352,21.915999999999997,24.339999999999996,20.799999999999997,19.528,17.104,21.939999999999998,15.939999999999998,23.128,17.164,18.292,17.104,17.14,14.764,13.552000000000001,15.916,13.504000000000001,11.163999999999998,12.292,17.092,14.764,11.092,11.176,11.104000000000003,19.503999999999998,13.516,19.528,15.904000000000002,11.116,10.0,8.752,7.563999999999998,7.563999999999998,11.068000000000001,-2.4319999999999986,8.692,1.1319999999999997,7.528000000000002,3.9879999999999987,8.728000000000002,7.528000000000002,12.304000000000002,13.516,13.492,13.516,13.516,11.152000000000001,8.764,6.4,10.0,12.4,14.787999999999997,17.188,15.963999999999999,14.787999999999997,11.152000000000001,5.521600000000001,8.704000000000002,7.539999999999999,11.176,13.54,9.976,11.163999999999998,12.387999999999998,12.328000000000001,12.328000000000001,13.54,11.187999999999999,11.187999999999999,9.952000000000002,11.163999999999998,5.619571432,4.789600000000002,13.492,12.4,13.528000000000002,11.128000000000002,11.104000000000003,9.94,8.776,9.94,12.680800000000001,13.1008,11.965600000000002,6.980800000000002,8.152000000000001,16.0672,13.863999999999999,8.764,9.904000000000002,8.692,8.776,14.739999999999998,13.552000000000001,9.904000000000002,-0.1999999999999993,17.092,13.552000000000001,20.788,18.304000000000002,19.491999999999997,19.588,19.588,21.892,17.152,19.564,20.74,19.552,17.14,17.152,19.516,19.588,19.576,18.352,20.692,20.728,19.503999999999998,19.588,20.788,20.74,21.915999999999997,20.704,20.799999999999997,20.776,21.904,20.752000000000002,21.939999999999998,25.552,0.0
23.116,21.927999999999997,20.74,19.503999999999998,24.304000000000002,19.588,23.14,20.788,20.788,21.964,23.104,24.375999999999998,25.6,24.375999999999998,23.188000000000002,25.564,26.752,28.0,30.4,21.988,23.164,29.116,32.704,30.363999999999997,24.339999999999996,24.4,25.6,24.364,23.14,25.6,24.375999999999998,24.304000000000002,25.552,26.728,25.54,29.092,29.163999999999998,31.492,35.104,29.152,24.375999999999998,26.704,29.104,30.4,35.8,31.563999999999997,27.964,28.0,30.352,30.34,30.376,35.2,35.128,35.32,33.94,30.328,37.120000000000005,43.0,42.279999999999994,40.839999999999996,46.12,43.839999999999996,43.239999999999995,44.92,48.52,53.559999999999995,50.199999999999996,50.32,50.92,39.76,36.879999999999995,34.0,33.988,32.751999999999995,31.576,30.328,31.504,35.176,31.504,34.0,46.36,49.72,47.56,35.8,51.04,45.04,49.48,49.48,37.239999999999995,38.56,37.36,36.64,42.76,38.56,37.0,33.964,35.2,45.16,45.52,39.04,40.96,49.35999999999999,42.879999999999995,33.988,27.952,32.788,36.519999999999996,32.704,38.8,36.4,31.576,35.176,37.239999999999995,43.36,33.964,32.704,37.48,35.2,35.14,36.4,35.2,38.32,41.32,45.279999999999994,44.92,47.68,38.44,33.988,33.916,35.104,35.176,32.8,32.8,36.04,33.988,35.092,35.128,35.104,33.903999999999996,33.964,35.32,35.128,35.32,36.04,39.519999999999996,40.72,32.704,33.988,35.56,33.891999999999996,32.692,32.704,33.94,31.563999999999997,33.988,33.988,31.504,35.32,37.72,38.08,35.164,31.552,30.4,28.0,25.588,29.116,31.528000000000002,29.128,31.516,35.32,20.704,27.904,27.988,28.0,24.339999999999996,29.104,35.67999999999999,35.8,30.328,36.64,35.92,35.104,35.116,35.104,31.563999999999997,33.964,38.2,32.788,33.928,30.363999999999997,32.704,31.516,25.54,29.092,26.752,33.903999999999996,26.776,29.116,26.704,21.988,23.116,18.387999999999998,20.74,23.128,24.304000000000002,23.14,23.188000000000002,25.503999999999998,30.316,29.188,29.139999999999997,27.928,25.54,25.54,29.152,26.704,19.6,18.304000000000002,25.588,24.304000000000002,25.516,20.74,23.2,21.964,22.0,23.128,19.491999999999997,18.292,21.939999999999998,15.987999999999998,23.092,23.116,20.776,23.128,14.704,13.552000000000001,17.188,23.104,24.316,22.0,18.352,17.2,23.104,17.188,23.104,18.375999999999998,14.716,17.128,17.104,14.776,14.704,15.916,12.387999999999998,12.304000000000002,12.363999999999999,17.104,14.716,9.976,9.916,8.764,19.528,13.504000000000001,18.375999999999998,15.892,11.104000000000003,11.187999999999999,7.6,7.5760000000000005,7.5760000000000005,10.947999999999999,-3.4880000000000013,6.4,7.504000000000002,7.528000000000002,3.4959999999999978,7.528000000000002,8.739999999999998,12.304000000000002,13.528000000000002,13.6,13.504000000000001,13.504000000000001,11.163999999999998,8.739999999999998,6.4,11.116,13.563999999999998,14.728000000000002,18.292,15.963999999999999,14.764,11.116,4.679199999999999,8.728000000000002,7.5760000000000005,12.34,14.716,11.092,12.328000000000001,14.716,13.492,11.176,13.576,10.0,12.376000000000001,11.104000000000003,11.128000000000002,4.816428568000002,4.175200000000001,13.516,12.34,13.587999999999997,11.152000000000001,10.0,11.128000000000002,9.928,9.987999999999998,12.429999999999998,12.8824,11.975200000000001,6.7516,7.9239999999999995,16.66,14.229999999999997,8.776,9.904000000000002,8.787999999999998,9.904000000000002,13.6,13.576,9.94,-1.5103999999999989,17.164,14.704,21.951999999999998,18.328,19.6,19.576,20.716,21.939999999999998,15.928,20.692,20.752000000000002,19.576,17.2,18.292,19.576,20.728,19.528,18.352,20.704,19.54,19.491999999999997,19.6,23.164,20.799999999999997,21.988,20.764000000000003,21.904,21.964,21.892,21.892,23.164,25.528,0.0
23.116,21.988,20.764000000000003,19.503999999999998,23.2,20.704,23.116,21.904,21.904,21.951999999999998,23.128,25.576,27.916,24.4,25.528,26.692,27.916,29.152,30.363999999999997,22.0,23.128,29.128,32.8,30.352,24.364,25.491999999999997,25.564,24.292,24.292,25.576,24.304000000000002,24.339999999999996,25.552,26.704,25.516,29.116,30.304000000000002,31.552,35.44,29.176,24.375999999999998,26.704,29.104,31.516,36.760000000000005,31.516,29.092,29.104,31.516,31.528000000000002,31.492,35.67999999999999,35.092,35.56,35.152,30.352,38.2,42.76,42.52,40.839999999999996,46.239999999999995,44.68,43.48,44.44,48.879999999999995,53.92,50.32,49.6,50.440000000000005,40.36,36.519999999999996,34.0,33.964,32.739999999999995,31.54,30.328,31.516,35.176,31.504,35.32,46.0,49.72,47.199999999999996,35.67999999999999,49.72,45.16,49.959999999999994,50.68,37.599999999999994,38.8,37.72,36.879999999999995,43.48,38.2,37.0,33.988,35.164,44.44,44.56,38.67999999999999,40.839999999999996,50.440000000000005,41.92,33.928,27.928,33.928,36.760000000000005,32.739999999999995,38.67999999999999,35.164,31.588,35.176,37.36,43.96,33.94,32.715999999999994,36.879999999999995,35.176,35.152,36.519999999999996,35.67999999999999,38.08,41.44,45.64,46.0,48.879999999999995,38.67999999999999,35.128,33.952,35.14,35.164,33.916,33.952,36.64,35.092,35.092,35.128,33.976,33.891999999999996,34.0,35.152,35.32,36.04,35.8,40.48,41.08,32.715999999999994,35.116,37.239999999999995,33.903999999999996,32.775999999999996,32.751999999999995,34.0,32.751999999999995,35.8,35.128,32.692,36.28,37.72,38.92,35.2,32.763999999999996,31.516,31.492,27.988,30.388,32.8,31.552,31.516,34.0,24.328,28.0,29.176,30.291999999999998,25.516,27.964,35.2,37.239999999999995,33.891999999999996,36.879999999999995,35.8,35.128,35.176,35.092,31.552,35.092,38.2,32.775999999999996,33.952,32.751999999999995,32.751999999999995,31.576,26.715999999999998,27.928,28.0,32.8,27.904,29.128,26.704,22.0,24.304000000000002,19.528,23.188000000000002,23.14,25.54,23.176000000000002,24.292,25.564,29.188,29.188,29.092,27.952,25.564,26.728,29.139999999999997,25.576,20.776,18.316,25.588,24.375999999999998,24.4,21.939999999999998,25.54,23.176000000000002,23.116,23.2,19.588,18.339999999999996,21.964,18.316,23.128,23.116,20.776,21.988,14.776,12.4,17.188,23.104,25.491999999999997,21.927999999999997,19.552,17.104,21.988,19.588,23.116,20.716,14.787999999999997,18.304000000000002,17.116,15.892,13.587999999999997,16.0,12.292,13.54,14.739999999999998,17.14,13.528000000000002,11.128000000000002,11.2,17.116,19.528,14.716,18.352,15.952000000000002,11.176,11.176,7.587999999999998,7.587999999999998,7.587999999999998,10.822,-4.549999999999999,7.528000000000002,7.539999999999999,7.539999999999999,7.528000000000002,7.552000000000001,9.892,12.34,13.552000000000001,14.716,12.376000000000001,13.563999999999998,12.292,8.752,7.528000000000002,11.187999999999999,14.692,14.739999999999998,17.116,18.316,14.776,8.787999999999998,3.836800000000001,8.764,8.739999999999998,12.387999999999998,13.6,11.092,11.176,14.739999999999998,12.328000000000001,12.4,13.492,12.387999999999998,13.563999999999998,11.176,10.0,4.013285716000001,3.5608000000000004,13.587999999999997,13.528000000000002,14.704,11.139999999999999,11.163999999999998,11.092,9.94,10.0,12.179199999999998,12.663999999999998,11.9848,6.522400000000001,7.695999999999998,17.2528,14.595999999999997,8.776,9.928,9.94,8.752,13.6,13.6,11.092,7.5760000000000005,17.164,14.8,20.728,18.387999999999998,20.74,20.752000000000002,21.915999999999997,22.0,15.975999999999999,20.776,21.904,20.716,18.352,18.375999999999998,20.74,20.728,19.54,18.4,20.692,20.764000000000003,19.528,21.892,23.128,21.951999999999998,23.092,20.776,21.964,23.164,21.904,21.988,24.364,25.564,0.0
23.116,21.927999999999997,21.892,20.728,23.14,19.576,22.0,21.892,21.951999999999998,21.951999999999998,24.304000000000002,26.692,28.0,24.387999999999998,23.188000000000002,26.764,27.976,29.188,29.176,22.0,23.188000000000002,29.139999999999997,34.0,29.152,24.352,25.54,24.387999999999998,23.14,24.375999999999998,24.364,24.304000000000002,25.503999999999998,26.692,26.692,25.503999999999998,29.139999999999997,30.34,31.599999999999998,35.56,30.291999999999998,24.339999999999996,26.692,29.128,31.54,37.239999999999995,31.552,28.0,28.0,31.563999999999997,31.504,30.4,35.8,34.0,35.67999999999999,35.188,30.363999999999997,39.16,42.64,42.4,41.08,46.0,45.64,44.44,43.839999999999996,48.879999999999995,54.4,50.68,50.32,50.08,40.72,36.28,35.116,33.964,32.751999999999995,31.552,30.328,31.54,35.092,30.388,36.28,45.16,49.84,48.76,35.56,49.84,44.8,50.559999999999995,50.32,37.72,38.56,37.36,36.64,44.44,38.56,36.879999999999995,34.0,35.176,44.32,43.96,38.44,40.839999999999996,50.92,41.67999999999999,33.903999999999996,27.952,33.964,37.120000000000005,32.715999999999994,38.92,33.988,31.563999999999997,35.56,37.36,44.56,33.916,32.704,37.36,35.14,35.14,37.0,35.8,38.32,41.56,44.92,46.48,49.24,38.32,35.152,33.952,35.44,35.164,33.903999999999996,35.092,37.239999999999995,33.988,33.952,33.988,33.964,32.8,35.164,35.164,36.519999999999996,36.760000000000005,35.56,40.96,39.28,32.728,33.976,38.8,33.916,33.964,32.8,35.14,33.964,36.760000000000005,35.164,32.775999999999996,37.0,37.599999999999994,40.120000000000005,35.32,33.952,32.751999999999995,32.788,30.376,35.104,35.14,32.8,31.576,35.104,26.752,29.176,31.504,31.516,25.552,27.916,36.04,38.08,35.092,37.599999999999994,36.760000000000005,35.152,35.8,35.116,32.715999999999994,35.116,38.08,33.94,34.0,32.751999999999995,33.903999999999996,32.704,26.8,28.0,29.128,32.788,29.116,29.163999999999998,26.715999999999998,24.364,24.364,20.728,24.328,23.152,24.387999999999998,24.292,26.692,26.704,30.376,30.304000000000002,27.952,27.892,25.54,26.788,29.163999999999998,26.74,21.915999999999997,19.552,27.904,25.516,26.704,23.116,25.54,24.328,21.892,23.2,20.692,20.799999999999997,22.0,19.564,23.2,23.152,21.964,23.128,14.787999999999997,13.576,17.2,24.387999999999998,25.491999999999997,21.892,19.552,18.328,23.116,19.564,23.152,19.576,17.176000000000002,17.164,17.128,15.987999999999998,14.776,14.776,11.187999999999999,13.492,15.904000000000002,17.2,14.704,12.315999999999999,12.363999999999999,15.963999999999999,18.387999999999998,14.787999999999997,18.339999999999996,17.092,12.328000000000001,13.492,7.587999999999998,7.6,7.6,10.695999999999998,7.539999999999999,7.563999999999998,8.692,7.6,7.528000000000002,6.4,8.787999999999998,12.363999999999999,13.563999999999998,14.704,12.4,13.576,12.352,9.952000000000002,7.587999999999998,12.34,14.739999999999998,14.8,18.316,18.328,14.787999999999997,11.116,7.552000000000001,10.0,9.963999999999999,13.563999999999998,13.492,11.116,13.563999999999998,14.752,12.387999999999998,13.587999999999997,13.552000000000001,12.363999999999999,14.716,11.187999999999999,11.116,3.2101428519999997,7.504000000000002,13.576,14.692,14.764,11.187999999999999,11.2,11.187999999999999,11.104000000000003,11.152000000000001,11.9284,12.4456,11.994399999999999,6.293200000000002,7.468000000000001,17.8456,14.962000000000002,9.904000000000002,11.092,11.104000000000003,9.952000000000002,13.6,14.764,11.152000000000001,11.152000000000001,17.092,17.116,22.0,20.704,21.964,21.976,21.988,24.339999999999996,18.304000000000002,21.988,22.0,20.764000000000003,19.564,19.552,20.788,20.752000000000002,20.692,19.516,21.964,20.764000000000003,20.728,23.104,24.304000000000002,23.092,23.116,21.904,23.104,25.491999999999997,20.799999999999997,21.976,24.387999999999998,25.54,0.0
23.104,21.892,21.915999999999997,20.74,23.14,19.564,21.988,21.904,21.964,21.939999999999998,24.387999999999998,25.588,29.188,25.503999999999998,24.339999999999996,27.892,29.152,30.376,29.139999999999997,23.116,23.152,29.152,33.94,27.952,25.491999999999997,25.54,24.339999999999996,23.176000000000002,24.364,24.375999999999998,24.304000000000002,25.588,26.704,25.6,25.552,29.092,30.4,32.692,36.04,30.316,24.339999999999996,26.692,29.116,31.54,37.36,30.388,27.988,28.0,31.599999999999998,31.504,31.516,36.519999999999996,33.988,36.519999999999996,35.176,30.363999999999997,39.879999999999995,42.76,42.279999999999994,41.67999999999999,46.6,46.0,45.76,43.6,48.4,54.52,51.4,51.279999999999994,50.559999999999995,40.599999999999994,36.04,35.092,33.976,32.739999999999995,32.704,30.316,31.528000000000002,35.116,31.492,36.760000000000005,45.4,49.84,47.92,35.8,50.08,44.44,50.559999999999995,51.76,37.96,38.56,37.0,36.519999999999996,44.56,38.56,36.760000000000005,33.964,35.188,44.44,43.6,38.32,41.2,51.879999999999995,41.2,33.928,27.952,33.976,37.239999999999995,32.788,38.92,35.128,31.563999999999997,36.4,37.72,44.92,33.903999999999996,32.715999999999994,37.96,35.104,35.128,36.760000000000005,35.8,39.04,41.67999999999999,45.4,46.48,48.76,38.44,35.2,33.94,35.14,35.128,33.916,35.14,37.96,35.092,33.891999999999996,33.964,33.928,32.8,35.152,35.164,37.120000000000005,37.96,35.44,41.44,38.92,32.728,33.94,39.4,33.916,35.092,32.8,35.176,35.176,37.84,35.32,33.903999999999996,37.84,37.72,39.28,35.2,34.0,35.14,33.952,31.588,35.8,35.32,33.988,32.692,35.092,26.788,30.328,31.588,32.751999999999995,26.704,28.0,36.879999999999995,37.239999999999995,35.32,38.08,37.48,36.64,36.64,35.164,32.788,33.988,37.96,33.964,35.092,32.751999999999995,33.891999999999996,32.751999999999995,29.092,29.139999999999997,29.128,32.788,30.304000000000002,29.2,26.764,25.528,25.576,21.927999999999997,25.491999999999997,25.491999999999997,25.6,25.491999999999997,29.116,27.904,30.388,32.704,30.291999999999998,27.928,25.576,26.8,30.328,26.764,24.4,23.176000000000002,28.0,26.715999999999998,25.576,23.164,25.576,23.164,23.14,21.951999999999998,20.788,21.976,23.188000000000002,19.528,24.304000000000002,23.2,23.152,23.14,15.952000000000002,17.188,18.364,25.528,24.387999999999998,21.951999999999998,20.776,18.375999999999998,23.2,18.4,23.128,20.788,18.352,18.328,17.2,17.188,18.364,15.963999999999999,12.4,13.576,15.963999999999999,18.316,15.963999999999999,13.563999999999998,13.528000000000002,17.176000000000002,18.4,17.2,18.4,17.104,12.376000000000001,13.576,7.6,9.904000000000002,9.904000000000002,10.563999999999998,7.587999999999998,7.6,8.716,8.739999999999998,7.504000000000002,6.4,11.092,13.552000000000001,14.716,14.764,14.704,14.752,12.387999999999998,11.116,8.716,12.376000000000001,15.963999999999999,16.0,18.364,18.4,15.916,12.376000000000001,8.704000000000002,11.163999999999998,9.987999999999998,14.716,13.552000000000001,11.187999999999999,13.6,15.939999999999998,14.692,14.787999999999997,14.739999999999998,14.692,14.752,12.352,12.304000000000002,7.563999999999998,7.6,14.728000000000002,14.776,14.776,12.328000000000001,12.4,12.376000000000001,11.163999999999998,12.328000000000001,11.6776,12.227200000000002,12.004000000000001,6.063999999999998,7.239999999999999,18.4384,15.328000000000001,9.928,11.139999999999999,11.128000000000002,11.187999999999999,13.563999999999998,15.916,12.315999999999999,11.152000000000001,17.14,18.387999999999998,23.14,21.915999999999997,23.176000000000002,25.54,23.164,24.328,18.375999999999998,23.188000000000002,23.152,22.0,23.104,21.939999999999998,21.892,20.74,20.716,19.588,23.2,21.976,21.927999999999997,23.104,24.339999999999996,23.14,25.491999999999997,21.964,23.152,25.6,20.776,21.927999999999997,25.516,25.516,0.0
23.164,21.951999999999998,21.939999999999998,20.692,23.092,19.6,21.964,21.927999999999997,23.092,21.951999999999998,24.364,26.692,30.34,25.503999999999998,26.752,26.776,30.304000000000002,31.552,29.092,21.976,23.104,30.291999999999998,33.988,26.8,24.375999999999998,25.528,24.364,23.164,24.387999999999998,24.387999999999998,24.316,26.715999999999998,26.704,25.6,25.576,29.092,31.528000000000002,32.715999999999994,36.519999999999996,29.188,24.364,26.692,29.139999999999997,32.728,37.36,30.34,27.988,28.0,32.715999999999994,31.528000000000002,31.563999999999997,36.760000000000005,35.14,37.120000000000005,35.116,30.352,40.36,42.76,42.04,42.16,47.199999999999996,46.0,46.6,43.239999999999995,48.16,54.52,51.879999999999995,51.279999999999994,50.08,40.36,35.8,34.0,33.964,32.751999999999995,32.739999999999995,30.316,31.563999999999997,35.164,31.528000000000002,37.72,44.68,49.959999999999994,47.44,35.8,50.8,44.199999999999996,50.68,52.6,37.72,38.67999999999999,36.64,36.28,44.92,38.32,36.64,33.988,35.32,44.68,43.36,37.84,41.56,52.0,40.96,33.903999999999996,27.976,33.94,37.239999999999995,33.916,39.04,35.092,31.588,37.239999999999995,38.08,44.92,33.928,32.692,38.44,35.092,35.128,37.0,36.04,39.4,41.8,46.0,46.6,45.279999999999994,37.84,35.32,33.94,35.2,35.128,33.916,35.176,38.2,33.94,32.788,33.916,33.916,33.891999999999996,35.128,35.188,37.36,37.96,35.32,42.76,35.67999999999999,32.728,33.952,40.599999999999994,33.94,34.0,33.916,35.164,35.188,38.67999999999999,35.56,33.952,38.32,38.08,37.96,35.32,35.128,35.14,33.916,33.916,36.4,35.152,35.116,32.715999999999994,33.94,29.128,31.492,31.492,32.788,27.988,29.104,36.879999999999995,37.120000000000005,36.64,38.67999999999999,37.96,36.04,36.879999999999995,36.760000000000005,33.952,33.952,38.08,33.988,34.0,32.751999999999995,32.692,32.739999999999995,30.291999999999998,29.176,29.188,32.751999999999995,31.588,30.316,27.916,27.904,27.916,21.988,25.588,26.764,26.788,25.6,30.328,29.128,31.492,32.692,30.388,27.928,26.788,27.928,30.363999999999997,27.952,26.728,25.6,29.092,27.988,27.964,23.2,25.576,23.176000000000002,24.304000000000002,23.128,22.0,25.491999999999997,24.316,20.692,25.503999999999998,25.491999999999997,24.316,25.516,17.104,21.892,19.576,25.552,24.4,23.092,21.915999999999997,19.491999999999997,24.352,19.491999999999997,24.316,21.964,17.128,19.516,18.364,18.352,19.491999999999997,15.939999999999998,14.704,17.104,17.128,19.528,15.963999999999999,14.776,14.787999999999997,18.352,18.4,18.375999999999998,19.588,17.164,14.704,14.752,10.0,11.104000000000003,11.104000000000003,10.444,8.8,8.764,9.916,8.787999999999998,7.587999999999998,8.716,11.163999999999998,13.587999999999997,14.752,14.716,14.752,14.8,14.787999999999997,12.352,8.8,13.576,14.787999999999997,18.304000000000002,19.503999999999998,18.4,15.963999999999999,14.728000000000002,11.139999999999999,11.2,9.94,14.764,13.6,12.304000000000002,14.716,15.987999999999998,15.939999999999998,14.8,17.164,17.104,15.892,13.516,13.516,9.94,9.904000000000002,17.116,15.939999999999998,17.104,13.587999999999997,13.563999999999998,13.552000000000001,12.34,13.587999999999997,11.4268,12.008799999999999,12.0136,5.8348,7.012000000000002,19.0312,15.694,9.952000000000002,12.352,11.152000000000001,13.504000000000001,13.6,16.0,12.376000000000001,12.315999999999999,17.14,19.564,24.292,23.2,24.4,26.704,25.552,25.54,18.316,24.4,25.491999999999997,21.951999999999998,24.292,24.339999999999996,20.764000000000003,20.728,19.588,21.915999999999997,24.364,23.2,21.939999999999998,23.188000000000002,24.328,24.316,25.588,21.964,23.2,26.8,20.776,21.927999999999997,25.552,24.387999999999998,0.0
23.128,21.964,21.951999999999998,20.728,23.092,20.692,21.951999999999998,21.927999999999997,23.116,21.951999999999998,24.328,25.6,31.492,25.503999999999998,27.952,27.988,30.328,31.576,27.988,21.915999999999997,23.164,30.34,34.0,26.728,24.387999999999998,25.528,24.4,23.14,24.375999999999998,24.375999999999998,24.316,26.728,26.764,25.588,26.728,29.116,31.552,32.739999999999995,36.879999999999995,29.152,25.491999999999997,26.764,29.176,31.552,37.84,30.316,29.092,29.104,32.739999999999995,31.528000000000002,31.588,37.239999999999995,35.092,35.2,35.128,31.504,40.72,42.64,41.8,42.76,47.08,46.48,46.36,42.52,47.92,53.8,51.64,52.12,48.879999999999995,40.239999999999995,35.92,33.964,33.976,32.728,32.788,30.328,31.599999999999998,35.32,31.588,39.16,44.199999999999996,49.72,46.96,35.92,51.64,44.08,50.32,53.440000000000005,37.599999999999994,38.67999999999999,36.64,36.16,45.76,38.2,36.64,35.104,35.44,43.96,43.36,37.599999999999994,41.56,53.440000000000005,41.08,33.903999999999996,29.163999999999998,33.94,37.48,33.94,38.8,35.104,32.692,37.599999999999994,38.56,44.8,33.928,32.715999999999994,38.8,34.0,35.152,36.879999999999995,36.04,39.879999999999995,41.92,46.0,46.239999999999995,45.279999999999994,37.84,35.44,33.952,35.164,35.14,33.903999999999996,35.8,38.67999999999999,32.788,32.775999999999996,33.928,32.788,33.916,35.128,35.8,37.84,37.599999999999994,35.2,43.839999999999996,35.44,31.599999999999998,33.94,40.839999999999996,33.952,34.0,33.903999999999996,35.56,36.04,39.28,35.56,33.964,38.32,38.08,37.599999999999994,35.188,35.128,35.67999999999999,32.8,35.128,36.879999999999995,35.188,32.763999999999996,32.728,33.964,30.291999999999998,31.492,31.588,33.952,29.163999999999998,27.916,36.760000000000005,36.64,37.36,39.28,38.56,37.239999999999995,37.48,36.760000000000005,33.976,35.104,38.32,33.964,33.928,33.891999999999996,33.952,31.599999999999998,31.492,31.599999999999998,30.316,32.751999999999995,32.8,32.704,29.116,29.104,29.116,23.128,26.692,27.939999999999998,27.964,26.8,30.376,29.188,31.563999999999997,31.576,30.4,29.116,27.964,27.916,30.4,29.104,26.74,26.752,27.988,29.104,27.964,23.128,25.503999999999998,23.188000000000002,24.292,23.152,23.2,26.74,24.375999999999998,20.799999999999997,25.552,25.564,24.352,26.704,18.339999999999996,23.14,20.799999999999997,25.564,25.491999999999997,23.14,21.988,19.576,24.339999999999996,19.491999999999997,24.339999999999996,22.0,18.339999999999996,20.764000000000003,19.503999999999998,19.54,19.516,17.128,14.692,17.152,18.328,19.54,17.104,15.975999999999999,15.963999999999999,19.491999999999997,19.503999999999998,19.516,21.915999999999997,17.2,14.8,15.892,13.576,12.328000000000001,8.752,7.563999999999998,9.963999999999999,9.963999999999999,10.0,9.916,8.704000000000002,9.952000000000002,12.315999999999999,14.728000000000002,15.904000000000002,15.928,14.787999999999997,14.8,15.939999999999998,13.563999999999998,9.987999999999998,14.692,15.952000000000002,19.491999999999997,19.576,19.516,17.2,15.939999999999998,13.516,12.376000000000001,9.952000000000002,15.904000000000002,13.563999999999998,12.4,14.716,17.116,17.188,15.975999999999999,18.339999999999996,18.292,15.892,17.092,13.552000000000001,10.0,8.716,18.292,15.987999999999998,18.387999999999998,15.987999999999998,13.576,13.576,12.4,14.787999999999997,11.176,11.790400000000002,12.0232,5.605600000000002,6.784000000000001,19.624,16.060000000000002,9.976,14.787999999999997,11.139999999999999,13.587999999999997,14.704,17.116,13.552000000000001,12.328000000000001,18.339999999999996,20.752000000000002,24.352,24.339999999999996,25.576,26.692,24.339999999999996,26.752,19.552,25.54,26.704,20.716,23.188000000000002,25.564,20.74,20.752000000000002,19.6,23.116,24.4,24.352,23.092,23.176000000000002,24.364,25.576,25.516,21.976,23.152,27.952,21.915999999999997,21.904,25.564,26.715999999999998,0.0
23.152,22.0,21.988,20.752000000000002,22.0,20.692,21.964,21.939999999999998,23.116,21.964,24.339999999999996,25.576,31.54,25.516,29.116,27.988,30.388,32.692,27.964,21.951999999999998,23.176000000000002,31.528000000000002,35.104,26.692,24.387999999999998,25.516,25.491999999999997,23.116,24.387999999999998,24.364,23.188000000000002,26.752,26.692,25.588,26.74,29.116,31.552,32.751999999999995,37.599999999999994,29.128,25.528,27.892,30.352,32.751999999999995,38.08,29.163999999999998,29.128,29.139999999999997,32.8,30.388,32.704,37.599999999999994,31.599999999999998,32.715999999999994,33.988,31.528000000000002,40.96,42.64,41.56,43.239999999999995,47.08,47.199999999999996,46.6,42.04,48.16,53.8,51.16,51.52,48.16,39.64,35.92,33.976,33.988,32.715999999999994,33.891999999999996,30.376,32.728,35.56,32.704,39.879999999999995,44.08,49.48,46.6,35.92,52.24,44.44,50.08,53.92,38.2,38.8,35.8,36.4,46.0,38.32,36.64,35.116,35.67999999999999,43.72,43.96,37.48,41.44,53.559999999999995,39.879999999999995,32.751999999999995,30.363999999999997,33.903999999999996,37.599999999999994,34.0,38.67999999999999,34.0,32.751999999999995,37.72,38.8,45.879999999999995,33.928,32.763999999999996,39.28,34.0,35.14,37.0,36.04,40.0,42.16,45.279999999999994,47.8,46.72,37.48,35.2,33.964,35.164,35.116,32.8,35.8,39.04,32.775999999999996,33.891999999999996,33.94,32.775999999999996,33.928,35.14,36.04,38.2,36.04,35.2,44.56,35.32,31.588,34.0,41.56,33.988,35.092,33.916,35.8,36.64,40.96,36.04,33.988,38.32,38.2,37.72,35.152,35.152,36.519999999999996,35.092,35.116,37.36,35.8,31.588,32.751999999999995,33.988,31.563999999999997,32.692,32.728,35.128,29.139999999999997,27.952,36.879999999999995,35.176,37.48,40.0,39.04,37.72,38.32,36.28,34.0,34.0,38.56,33.952,32.739999999999995,33.903999999999996,33.964,32.692,31.528000000000002,31.599999999999998,30.4,32.775999999999996,33.928,32.788,29.2,29.163999999999998,29.163999999999998,24.292,26.764,27.988,29.128,27.939999999999998,31.504,31.504,33.903999999999996,32.704,33.891999999999996,29.163999999999998,29.2,27.892,31.516,29.176,24.4,27.916,29.128,29.139999999999997,28.0,24.364,25.54,24.304000000000002,24.352,24.339999999999996,24.387999999999998,26.728,25.54,21.964,26.692,25.588,25.503999999999998,25.6,19.552,24.339999999999996,20.788,25.576,24.4,24.352,23.152,19.576,24.339999999999996,18.387999999999998,24.375999999999998,22.0,19.491999999999997,21.927999999999997,20.716,19.552,18.352,17.2,15.987999999999998,17.14,19.552,20.716,17.128,17.164,18.316,20.728,18.387999999999998,19.528,23.092,17.2,15.987999999999998,15.928,15.904000000000002,13.492,11.092,9.904000000000002,11.104000000000003,11.104000000000003,11.116,8.764,9.916,11.163999999999998,12.328000000000001,14.764,15.939999999999998,15.987999999999998,14.764,18.364,17.152,14.776,10.0,13.6,16.0,19.552,20.704,19.54,15.975999999999999,17.164,14.716,12.352,11.139999999999999,15.939999999999998,14.692,13.492,14.704,17.104,18.352,17.14,18.352,18.339999999999996,15.916,17.2,13.504000000000001,12.292,8.716,18.375999999999998,17.152,19.576,17.14,13.587999999999997,14.692,13.54,15.916,14.739999999999998,9.963999999999999,8.787999999999998,11.176,8.692,6.4,8.8,11.092,14.787999999999997,11.163999999999998,14.716,14.739999999999998,15.987999999999998,13.6,13.54,18.364,21.939999999999998,25.491999999999997,25.503999999999998,27.892,25.6,24.375999999999998,27.928,21.904,26.692,27.904,20.704,24.387999999999998,26.74,20.752000000000002,20.74,19.6,20.788,25.576,24.375999999999998,21.976,23.14,24.364,26.704,25.516,21.964,23.188000000000002,26.704,21.927999999999997,21.939999999999998,25.576,24.375999999999998,0.0
23.14,23.14,23.092,20.764000000000003,22.0,20.692,21.964,21.939999999999998,23.116,21.976,24.352,26.728,30.388,25.516,29.116,29.128,31.528000000000002,32.715999999999994,27.952,21.939999999999998,24.364,31.599999999999998,35.128,25.576,25.491999999999997,25.528,25.54,23.104,24.339999999999996,24.364,23.2,26.764,26.764,25.564,27.904,29.163999999999998,30.388,32.728,37.599999999999994,29.128,25.576,27.916,32.715999999999994,31.563999999999997,38.08,29.176,29.116,29.139999999999997,32.8,31.552,32.739999999999995,38.08,31.552,30.352,33.976,31.599999999999998,41.32,42.64,41.2,43.36,46.72,47.199999999999996,47.08,41.56,48.4,52.35999999999999,51.16,51.52,48.16,39.04,35.8,33.952,33.988,32.728,33.903999999999996,31.516,32.751999999999995,35.67999999999999,31.588,39.76,44.56,49.48,46.12,36.4,52.72,45.4,51.16,53.92,38.44,38.92,35.44,36.4,46.12,38.2,36.519999999999996,35.116,36.64,42.76,44.44,37.120000000000005,41.8,54.64,39.4,32.788,30.304000000000002,32.728,37.599999999999994,35.14,38.67999999999999,35.116,32.751999999999995,37.84,38.8,44.44,33.94,33.891999999999996,39.879999999999995,34.0,35.14,37.72,36.04,40.239999999999995,42.4,45.4,48.52,45.52,37.36,35.8,33.976,35.164,35.152,32.775999999999996,36.28,39.28,32.775999999999996,32.788,33.928,32.788,33.928,35.116,35.176,37.84,35.56,35.188,45.52,35.188,31.599999999999998,35.116,42.52,33.988,35.104,33.928,35.92,37.36,40.96,36.16,35.116,38.2,38.32,37.72,35.14,35.2,37.0,35.176,36.64,37.48,37.120000000000005,32.763999999999996,32.788,33.976,32.728,32.775999999999996,32.704,35.188,30.316,27.988,37.36,35.092,37.84,40.48,39.76,38.44,38.8,36.760000000000005,33.988,33.976,38.67999999999999,33.952,31.552,33.916,32.8,32.715999999999994,33.94,32.751999999999995,31.516,32.788,32.8,32.763999999999996,31.492,30.352,26.764,24.364,27.904,27.976,29.188,29.092,30.304000000000002,32.728,33.988,32.763999999999996,35.116,30.304000000000002,30.363999999999997,26.764,32.692,29.188,26.704,27.988,29.176,30.316,29.104,24.375999999999998,26.728,24.328,25.516,25.528,25.564,26.752,26.728,23.128,25.588,26.704,26.692,26.8,21.951999999999998,24.387999999999998,20.776,25.564,25.516,24.387999999999998,23.2,19.491999999999997,24.352,18.316,24.4,22.0,19.588,22.0,23.116,19.588,19.516,17.176000000000002,17.2,17.2,19.564,20.716,17.176000000000002,18.316,17.176000000000002,19.54,19.491999999999997,19.552,23.092,18.316,14.776,15.975999999999999,15.952000000000002,14.716,12.292,11.092,11.187999999999999,11.092,11.139999999999999,8.704000000000002,8.776,12.376000000000001,13.528000000000002,14.764,15.963999999999999,17.188,14.764,20.764000000000003,17.104,15.916,11.092,14.8,18.292,20.692,20.728,19.54,17.128,18.339999999999996,14.739999999999998,13.6,9.952000000000002,16.0,14.776,12.387999999999998,14.716,16.0,19.516,18.292,18.316,18.328,15.939999999999998,18.352,13.504000000000001,13.492,9.928,19.491999999999997,17.164,20.716,17.2,14.728000000000002,14.728000000000002,14.704,16.0,14.787999999999997,9.952000000000002,9.928,11.092,7.6,7.552000000000001,9.952000000000002,11.116,16.0,11.152000000000001,14.739999999999998,14.776,17.152,14.728000000000002,14.728000000000002,19.503999999999998,22.0,25.552,25.576,27.964,26.8,24.4,27.939999999999998,23.152,26.776,27.988,20.728,25.588,26.788,20.764000000000003,20.752000000000002,19.6,23.128,25.54,24.364,23.116,23.128,24.4,26.752,25.528,21.939999999999998,24.339999999999996,25.588,23.104,21.964,25.588,26.704,0.0
23.152,23.116,23.152,20.764000000000003,23.092,20.728,21.939999999999998,21.939999999999998,23.104,21.988,24.328,26.704,30.34,25.552,29.139999999999997,29.116,31.563999999999997,33.928,27.952,21.927999999999997,24.387999999999998,32.751999999999995,35.116,25.552,25.516,25.528,25.576,23.116,24.339999999999996,24.375999999999998,23.2,26.715999999999998,26.8,25.564,27.939999999999998,29.176,30.388,32.704,38.56,29.104,26.715999999999998,27.976,32.8,31.599999999999998,38.67999999999999,29.128,29.092,29.152,33.903999999999996,33.891999999999996,32.775999999999996,38.44,32.739999999999995,30.316,32.739999999999995,31.576,41.67999999999999,42.64,40.839999999999996,43.48,45.879999999999995,47.44,47.199999999999996,41.2,48.64,51.279999999999994,51.279999999999994,52.6,48.64,39.16,35.8,33.964,35.128,32.692,33.928,31.552,33.891999999999996,35.2,32.739999999999995,40.0,45.4,49.48,40.36,36.879999999999995,52.72,46.6,50.8,54.16,38.2,38.92,35.164,36.28,46.36,38.2,36.4,35.092,37.0,42.279999999999994,45.64,37.0,42.76,55.24,39.04,32.751999999999995,30.291999999999998,32.763999999999996,37.239999999999995,35.164,38.67999999999999,35.164,33.952,38.08,38.92,43.96,33.94,33.916,40.120000000000005,33.976,35.152,39.04,36.04,40.839999999999996,42.64,45.279999999999994,48.04,45.52,37.120000000000005,36.28,33.988,35.2,35.104,33.903999999999996,36.28,39.28,32.775999999999996,32.751999999999995,33.916,32.751999999999995,33.976,35.128,35.32,37.36,35.2,35.188,47.08,35.2,32.715999999999994,35.152,43.239999999999995,33.976,35.14,33.94,36.04,37.96,42.4,36.760000000000005,35.67999999999999,38.32,38.2,37.96,35.128,35.32,37.72,35.44,37.72,37.72,37.120000000000005,33.903999999999996,32.751999999999995,33.952,32.704,33.94,32.739999999999995,35.32,30.388,29.2,38.2,33.928,38.32,40.96,40.0,39.16,39.28,37.0,33.964,34.0,38.8,33.988,31.528000000000002,32.8,32.788,32.715999999999994,32.751999999999995,33.94,31.576,32.775999999999996,33.94,32.8,31.576,31.516,27.892,25.503999999999998,27.928,29.152,30.34,29.104,30.376,33.891999999999996,35.176,33.964,35.32,30.34,30.388,27.916,32.788,29.2,26.752,27.988,30.304000000000002,31.504,29.092,25.54,26.752,24.387999999999998,26.692,26.704,26.74,27.904,26.74,24.352,26.692,26.752,25.564,27.952,24.292,24.4,20.799999999999997,25.54,25.576,24.387999999999998,24.316,18.387999999999998,24.375999999999998,18.316,24.387999999999998,22.0,20.74,23.116,24.316,19.588,20.704,18.375999999999998,18.364,18.364,19.576,20.74,18.316,18.387999999999998,18.375999999999998,19.6,18.4,19.552,23.152,18.387999999999998,14.8,17.116,16.0,14.764,12.315999999999999,11.163999999999998,12.304000000000002,11.128000000000002,12.363999999999999,7.6,10.0,13.563999999999998,13.492,14.764,18.292,18.316,15.916,20.799999999999997,17.188,15.963999999999999,11.187999999999999,14.764,19.491999999999997,20.764000000000003,20.716,19.576,17.104,19.491999999999997,15.987999999999998,13.576,11.128000000000002,15.963999999999999,15.928,12.328000000000001,14.752,17.116,19.6,18.339999999999996,19.576,18.364,15.987999999999998,19.552,13.54,12.363999999999999,10.0,19.491999999999997,17.2,20.716,18.364,14.704,14.776,15.904000000000002,17.092,14.787999999999997,9.963999999999999,9.892,9.987999999999998,7.504000000000002,8.692,11.104000000000003,11.092,17.128,11.152000000000001,14.787999999999997,14.8,18.316,14.787999999999997,14.739999999999998,20.692,23.14,25.576,26.692,29.092,27.964,25.503999999999998,27.939999999999998,24.339999999999996,27.939999999999998,27.939999999999998,20.74,26.764,26.8,21.951999999999998,20.764000000000003,20.692,23.14,24.387999999999998,24.328,23.128,23.152,25.528,26.776,25.54,21.951999999999998,25.6,25.588,23.14,24.352,25.6,26.74,0.0
