"","x"
"1",0
"2",0
"3",0
"4",0
"5",1
"6",2
"7",8
"8",22
"9",83
"10",132
"11",135
"12",79
"13",119
"14",146
"15",119
"16",129
"17",94
"18",79
"19",100
"20",85
"21",36
"22",11
"23",3
"24",0
"25",4
"26",0
"27",0
"28",0
"29",0
"30",0
"31",10
"32",33
"33",76
"34",153
"35",174
"36",69
"37",128
"38",114
"39",120
"40",119
"41",123
"42",86
"43",95
"44",80
"45",51
"46",31
"47",14
"48",1
"49",3
"50",0
"51",0
"52",0
"53",0
"54",0
"55",8
"56",22
"57",79
"58",125
"59",141
"60",154
"61",129
"62",129
"63",124
"64",149
"65",92
"66",107
"67",91
"68",80
"69",39
"70",9
"71",4
"72",0
"73",3
"74",1
"75",0
"76",0
"77",0
"78",0
"79",4
"80",21
"81",66
"82",118
"83",139
"84",103
"85",160
"86",106
"87",129
"88",122
"89",105
"90",76
"91",56
"92",45
"93",43
"94",22
"95",8
"96",2
"97",2
"98",0
"99",0
"100",0
"101",0
"102",0
"103",3
"104",23
"105",51
"106",115
"107",94
"108",82
"109",156
"110",123
"111",123
"112",88
"113",55
"114",56
"115",50
"116",22
"117",14
"118",2
"119",0
"120",0
"121",3
"122",0
"123",0
"124",0
"125",0
"126",0
"127",1
"128",2
"129",0
"130",0
"131",9
"132",16
"133",0
"134",0
"135",8
"136",3
"137",7
"138",3
"139",1
"140",0
"141",0
"142",0
"143",0
"144",2
"145",5
"146",3
"147",1
"148",0
"149",0
"150",0
"151",1
"152",2
"153",0
"154",0
"155",7
"156",13
"157",0
"158",0
"159",8
"160",2
"161",6
"162",3
"163",1
"164",0
"165",0
"166",0
"167",0
"168",1
"169",0
"170",0
"171",0
"172",0
"173",1
"174",2
"175",8
"176",28
"177",100
"178",132
"179",142
"180",93
"181",123
"182",134
"183",131
"184",139
"185",83
"186",80
"187",87
"188",76
"189",34
"190",9
"191",3
"192",0
"193",5
"194",0
"195",0
"196",0
"197",0
"198",0
"199",10
"200",34
"201",84
"202",161
"203",181
"204",77
"205",157
"206",134
"207",128
"208",122
"209",106
"210",92
"211",93
"212",72
"213",56
"214",36
"215",15
"216",2
"217",3
"218",0
"219",0
"220",0
"221",0
"222",0
"223",8
"224",24
"225",94
"226",126
"227",116
"228",152
"229",130
"230",106
"231",130
"232",138
"233",122
"234",104
"235",96
"236",66
"237",30
"238",11
"239",3
"240",0
"241",4
"242",1
"243",0
"244",0
"245",0
"246",0
"247",4
"248",19
"249",68
"250",129
"251",155
"252",85
"253",136
"254",127
"255",120
"256",130
"257",89
"258",66
"259",48
"260",47
"261",46
"262",21
"263",7
"264",2
"265",3
"266",0
"267",0
"268",0
"269",0
"270",0
"271",4
"272",17
"273",55
"274",97
"275",114
"276",86
"277",119
"278",133
"279",128
"280",110
"281",53
"282",52
"283",57
"284",24
"285",12
"286",2
"287",0
"288",0
"289",3
"290",0
"291",0
"292",0
"293",0
"294",0
"295",1
"296",2
"297",0
"298",0
"299",10
"300",12
"301",0
"302",0
"303",8
"304",2
"305",8
"306",3
"307",2
"308",0
"309",0
"310",0
"311",0
"312",2
"313",6
"314",3
"315",1
"316",0
"317",0
"318",0
"319",2
"320",2
"321",0
"322",0
"323",7
"324",12
"325",0
"326",0
"327",9
"328",2
"329",7
"330",3
"331",1
"332",0
"333",0
"334",0
"335",0
"336",2
"337",0
"338",0
"339",0
"340",0
"341",1
"342",2
"343",8
"344",24
"345",88
"346",140
"347",131
"348",77
"349",145
"350",130
"351",108
"352",139
"353",101
"354",92
"355",93
"356",76
"357",38
"358",10
"359",4
"360",0
"361",5
"362",0
"363",0
"364",0
"365",0
"366",0
"367",10
"368",39
"369",95
"370",152
"371",150
"372",75
"373",134
"374",110
"375",121
"376",125
"377",117
"378",78
"379",82
"380",70
"381",52
"382",33
"383",12
"384",1
"385",3
"386",0
"387",0
"388",0
"389",0
"390",0
"391",7
"392",23
"393",96
"394",126
"395",141
"396",147
"397",132
"398",109
"399",110
"400",152
"401",107
"402",102
"403",101
"404",68
"405",30
"406",10
"407",3
"408",0
"409",3
"410",2
"411",0
"412",0
"413",0
"414",0
"415",4
"416",21
"417",75
"418",123
"419",129
"420",99
"421",146
"422",108
"423",134
"424",140
"425",114
"426",76
"427",43
"428",46
"429",40
"430",20
"431",8
"432",2
"433",3
"434",0
"435",0
"436",0
"437",0
"438",0
"439",3
"440",19
"441",52
"442",105
"443",101
"444",75
"445",148
"446",147
"447",146
"448",100
"449",51
"450",55
"451",57
"452",19
"453",12
"454",2
"455",0
"456",0
"457",3
"458",0
"459",0
"460",0
"461",0
"462",0
"463",1
"464",2
"465",0
"466",0
"467",8
"468",13
"469",0
"470",0
"471",8
"472",3
"473",6
"474",3
"475",1
"476",0
"477",0
"478",0
"479",0
"480",2
"481",6
"482",3
"483",1
"484",0
"485",0
"486",0
"487",1
"488",2
"489",0
"490",0
"491",5
"492",11
"493",0
"494",0
"495",7
"496",3
"497",6
"498",2
"499",2
"500",0
"501",0
"502",0
"503",0
"504",1
"505",0
"506",0
"507",0
"508",0
"509",1
"510",2
"511",8
"512",23
"513",80
"514",128
"515",122
"516",78
"517",136
"518",145
"519",137
"520",131
"521",98
"522",98
"523",102
"524",76
"525",41
"526",12
"527",3
"528",0
"529",4
"530",0
"531",0
"532",0
"533",0
"534",0
"535",9
"536",32
"537",78
"538",140
"539",143
"540",66
"541",129
"542",116
"543",129
"544",119
"545",101
"546",99
"547",82
"548",69
"549",65
"550",35
"551",12
"552",1
"553",3
"554",0
"555",0
"556",0
"557",0
"558",0
"559",6
"560",26
"561",74
"562",119
"563",140
"564",134
"565",123
"566",103
"567",140
"568",140
"569",113
"570",114
"571",106
"572",72
"573",32
"574",11
"575",3
"576",0
"577",3
"578",1
"579",0
"580",0
"581",0
"582",0
"583",4
"584",19
"585",76
"586",113
"587",136
"588",86
"589",144
"590",127
"591",129
"592",108
"593",98
"594",66
"595",43
"596",41
"597",44
"598",24
"599",9
"600",2
"601",3
"602",0
"603",0
"604",0
"605",0
"606",0
"607",3
"608",20
"609",57
"610",109
"611",115
"612",74
"613",154
"614",141
"615",127
"616",100
"617",64
"618",52
"619",55
"620",24
"621",15
"622",2
"623",0
"624",0
"625",3
"626",0
"627",0
"628",0
"629",0
"630",0
"631",1
"632",2
"633",0
"634",0
"635",8
"636",12
"637",0
"638",0
"639",8
"640",3
"641",7
"642",3
"643",1
"644",0
"645",0
"646",0
"647",0
"648",1
"649",6
"650",2
"651",1
"652",0
"653",0
"654",0
"655",1
"656",2
"657",0
"658",0
"659",6
"660",14
"661",0
"662",0
"663",8
"664",3
"665",7
"666",3
"667",2
"668",0
"669",0
"670",0
"671",0
"672",2
"673",0
"674",0
"675",0
"676",0
"677",1
"678",2
"679",6
"680",22
"681",97
"682",117
"683",154
"684",94
"685",131
"686",115
"687",103
"688",123
"689",97
"690",78
"691",90
"692",87
"693",36
"694",11
"695",3
"696",0
"697",5
"698",0
"699",0
"700",0
"701",0
"702",0
"703",11
"704",38
"705",78
"706",152
"707",168
"708",69
"709",148
"710",138
"711",108
"712",105
"713",116
"714",97
"715",97
"716",71
"717",63
"718",39
"719",12
"720",2
"721",3
"722",0
"723",0
"724",0
"725",0
"726",0
"727",6
"728",25
"729",78
"730",135
"731",125
"732",128
"733",110
"734",120
"735",110
"736",152
"737",118
"738",114
"739",94
"740",74
"741",29
"742",11
"743",3
"744",0
"745",4
"746",1
"747",0
"748",0
"749",0
"750",0
"751",4
"752",19
"753",64
"754",134
"755",144
"756",98
"757",122
"758",124
"759",120
"760",133
"761",110
"762",74
"763",43
"764",42
"765",42
"766",21
"767",7
"768",2
"769",3
"770",0
"771",0
"772",0
"773",0
"774",0
"775",3
"776",19
"777",59
"778",104
"779",92
"780",74
"781",151
"782",121
"783",114
"784",97
"785",54
"786",54
"787",45
"788",24
"789",14
"790",2
"791",0
"792",0
"793",3
"794",0
"795",0
"796",0
"797",0
"798",0
"799",1
"800",2
"801",0
"802",0
"803",8
"804",12
"805",0
"806",0
"807",7
"808",2
"809",6
"810",3
"811",1
"812",0
"813",0
"814",0
"815",0
"816",2
"817",6
"818",3
"819",1
"820",0
"821",0
"822",0
"823",2
"824",2
"825",0
"826",0
"827",7
"828",11
"829",0
"830",0
"831",7
"832",3
"833",7
"834",3
"835",1
"836",0
"837",0
"838",0
"839",0
"840",1
"841",0
"842",0
"843",0
"844",0
"845",1
"846",2
"847",8
"848",29
"849",105
"850",128
"851",128
"852",100
"853",119
"854",136
"855",123
"856",122
"857",85
"858",80
"859",86
"860",70
"861",35
"862",11
"863",4
"864",0
"865",4
"866",0
"867",0
"868",0
"869",0
"870",0
"871",11
"872",33
"873",102
"874",134
"875",174
"876",88
"877",147
"878",120
"879",118
"880",105
"881",108
"882",100
"883",91
"884",66
"885",64
"886",31
"887",13
"888",1
"889",3
"890",0
"891",0
"892",0
"893",0
"894",0
"895",8
"896",23
"897",82
"898",117
"899",125
"900",159
"901",107
"902",99
"903",131
"904",151
"905",94
"906",102
"907",87
"908",65
"909",31
"910",9
"911",4
"912",0
"913",3
"914",2
"915",0
"916",0
"917",0
"918",0
"919",3
"920",21
"921",72
"922",123
"923",127
"924",87
"925",125
"926",116
"927",128
"928",112
"929",107
"930",78
"931",49
"932",43
"933",38
"934",23
"935",7
"936",2
"937",3
"938",0
"939",0
"940",0
"941",0
"942",0
"943",3
"944",21
"945",60
"946",101
"947",121
"948",76
"949",144
"950",134
"951",115
"952",88
"953",51
"954",63
"955",57
"956",24
"957",13
"958",3
"959",0
"960",0
"961",3
"962",0
"963",0
"964",0
"965",0
"966",0
"967",1
"968",1
"969",0
"970",0
"971",8
"972",16
"973",0
"974",0
"975",8
"976",2
"977",7
"978",3
"979",2
"980",0
"981",0
"982",0
"983",0
"984",2
"985",5
"986",3
"987",1
"988",0
"989",0
"990",0
"991",1
"992",2
"993",0
"994",0
"995",6
"996",12
"997",0
"998",0
"999",8
"1000",3
"1001",6
"1002",3
"1003",1
"1004",0
"1005",0
"1006",0
"1007",0
"1008",2
"1009",0
"1010",0
"1011",0
"1012",0
"1013",1
"1014",2
"1015",7
"1016",23
"1017",82
"1018",130
"1019",137
"1020",80
"1021",154
"1022",110
"1023",105
"1024",114
"1025",96
"1026",99
"1027",97
"1028",83
"1029",37
"1030",11
"1031",3
"1032",0
"1033",4
"1034",0
"1035",0
"1036",0
"1037",0
"1038",0
"1039",11
"1040",37
"1041",92
"1042",141
"1043",144
"1044",79
"1045",150
"1046",109
"1047",105
"1048",112
"1049",107
"1050",93
"1051",81
"1052",78
"1053",58
"1054",33
"1055",15
"1056",2
"1057",3
"1058",0
"1059",0
"1060",0
"1061",0
"1062",0
"1063",7
"1064",24
"1065",76
"1066",142
"1067",107
"1068",127
"1069",108
"1070",109
"1071",109
"1072",148
"1073",91
"1074",111
"1075",93
"1076",86
"1077",34
"1078",11
"1079",3
"1080",0
"1081",4
"1082",1
"1083",0
"1084",0
"1085",0
"1086",0
"1087",3
"1088",18
"1089",62
"1090",135
"1091",132
"1092",96
"1093",139
"1094",138
"1095",151
"1096",131
"1097",101
"1098",69
"1099",44
"1100",46
"1101",42
"1102",25
"1103",8
"1104",2
"1105",3
"1106",0
"1107",0
"1108",0
"1109",0
"1110",0
"1111",4
"1112",21
"1113",59
"1114",107
"1115",101
"1116",72
"1117",129
"1118",132
"1119",143
"1120",106
"1121",65
"1122",61
"1123",58
"1124",24
"1125",13
"1126",2
"1127",0
"1128",0
"1129",3
"1130",0
"1131",0
"1132",0
"1133",0
"1134",0
"1135",1
"1136",2
"1137",0
"1138",0
"1139",8
"1140",14
"1141",0
"1142",0
"1143",7
"1144",2
"1145",7
"1146",3
"1147",1
"1148",0
"1149",0
"1150",0
"1151",0
"1152",2
"1153",5
"1154",3
"1155",1
"1156",0
"1157",0
"1158",0
"1159",1
"1160",2
"1161",0
"1162",0
"1163",6
"1164",10
"1165",0
"1166",0
"1167",8
"1168",3
"1169",6
"1170",3
"1171",1
"1172",0
"1173",0
"1174",0
"1175",0
"1176",2
"1177",0
"1178",0
"1179",0
"1180",0
"1181",1
"1182",2
"1183",8
"1184",23
"1185",95
"1186",137
"1187",140
"1188",88
"1189",129
"1190",134
"1191",120
"1192",145
"1193",103
"1194",89
"1195",88
"1196",76
"1197",39
"1198",10
"1199",3
"1200",0
"1201",4
"1202",0
"1203",0
"1204",0
"1205",0
"1206",0
"1207",9
"1208",35
"1209",95
"1210",134
"1211",146
"1212",78
"1213",137
"1214",124
"1215",133
"1216",113
"1217",110
"1218",90
"1219",90
"1220",71
"1221",52
"1222",31
"1223",12
"1224",2
"1225",3
"1226",0
"1227",0
"1228",0
"1229",0
"1230",0
"1231",7
"1232",24
"1233",88
"1234",127
"1235",119
"1236",142
"1237",107
"1238",105
"1239",119
"1240",135
"1241",101
"1242",107
"1243",96
"1244",74
"1245",32
"1246",9
"1247",3
"1248",0
"1249",4
"1250",1
"1251",0
"1252",0
"1253",0
"1254",0
"1255",4
"1256",19
"1257",65
"1258",128
"1259",132
"1260",92
"1261",136
"1262",134
"1263",138
"1264",117
"1265",94
"1266",73
"1267",50
"1268",42
"1269",39
"1270",22
"1271",8
"1272",2
"1273",3
"1274",0
"1275",0
"1276",0
"1277",0
"1278",0
"1279",3
"1280",22
"1281",54
"1282",102
"1283",108
"1284",79
"1285",143
"1286",140
"1287",135
"1288",104
"1289",58
"1290",52
"1291",56
"1292",24
"1293",12
"1294",2
"1295",0
"1296",0
"1297",3
"1298",0
"1299",0
"1300",0
"1301",0
"1302",0
"1303",1
"1304",2
"1305",0
"1306",0
"1307",9
"1308",13
"1309",0
"1310",0
"1311",7
"1312",2
"1313",7
"1314",3
"1315",2
"1316",0
"1317",0
"1318",0
"1319",0
"1320",2
"1321",5
"1322",3
"1323",1
"1324",0
"1325",0
"1326",0
"1327",2
"1328",2
"1329",0
"1330",0
"1331",6
"1332",13
"1333",0
"1334",0
"1335",8
"1336",3
"1337",7
"1338",3
"1339",1
"1340",0
"1341",0
"1342",0
"1343",0
"1344",2
"1345",0
"1346",0
"1347",0
"1348",0
"1349",1
"1350",2
"1351",8
"1352",24
"1353",101
"1354",135
"1355",126
"1356",83
"1357",139
"1358",129
"1359",129
"1360",141
"1361",88
"1362",93
"1363",102
"1364",85
"1365",37
"1366",11
"1367",3
"1368",0
"1369",4
"1370",0
"1371",0
"1372",0
"1373",0
"1374",0
"1375",11
"1376",38
"1377",92
"1378",142
"1379",151
"1380",75
"1381",146
"1382",134
"1383",133
"1384",105
"1385",115
"1386",82
"1387",94
"1388",80
"1389",61
"1390",34
"1391",13
"1392",2
"1393",3
"1394",0
"1395",0
"1396",0
"1397",0
"1398",0
"1399",7
"1400",22
"1401",86
"1402",123
"1403",123
"1404",152
"1405",117
"1406",116
"1407",124
"1408",139
"1409",97
"1410",93
"1411",86
"1412",81
"1413",32
"1414",10
"1415",3
"1416",0
"1417",4
"1418",1
"1419",0
"1420",0
"1421",0
"1422",0
"1423",3
"1424",19
"1425",66
"1426",128
"1427",142
"1428",82
"1429",129
"1430",134
"1431",121
"1432",132
"1433",103
"1434",63
"1435",50
"1436",41
"1437",41
"1438",22
"1439",9
"1440",2
"1441",3
"1442",0
"1443",0
"1444",0
"1445",0
"1446",0
"1447",3
"1448",20
"1449",62
"1450",97
"1451",114
"1452",79
"1453",149
"1454",137
"1455",129
"1456",93
"1457",55
"1458",61
"1459",50
"1460",23
"1461",13
"1462",2
"1463",0
"1464",0
"1465",3
"1466",0
"1467",0
"1468",0
"1469",0
"1470",0
"1471",1
"1472",2
"1473",0
"1474",0
"1475",8
"1476",15
"1477",0
"1478",0
"1479",6
"1480",2
"1481",7
"1482",3
"1483",1
"1484",0
"1485",0
"1486",0
"1487",0
"1488",2
"1489",6
"1490",3
"1491",1
"1492",0
"1493",0
"1494",0
"1495",2
"1496",2
"1497",0
"1498",0
"1499",6
"1500",11
"1501",0
"1502",0
"1503",7
"1504",3
"1505",7
"1506",3
"1507",1
"1508",0
"1509",0
"1510",0
"1511",0
"1512",2
"1513",0
"1514",0
"1515",0
"1516",0
"1517",1
"1518",3
"1519",8
"1520",27
"1521",98
"1522",130
"1523",146
"1524",89
"1525",141
"1526",120
"1527",121
"1528",123
"1529",105
"1530",96
"1531",95
"1532",87
"1533",37
"1534",11
"1535",4
"1536",0
"1537",4
"1538",0
"1539",0
"1540",0
"1541",0
"1542",0
"1543",10
"1544",39
"1545",90
"1546",134
"1547",157
"1548",75
"1549",153
"1550",117
"1551",134
"1552",112
"1553",105
"1554",96
"1555",86
"1556",73
"1557",60
"1558",32
"1559",14
"1560",1
"1561",3
"1562",0
"1563",0
"1564",0
"1565",0
"1566",0
"1567",8
"1568",24
"1569",81
"1570",135
"1571",132
"1572",155
"1573",113
"1574",123
"1575",125
"1576",143
"1577",107
"1578",96
"1579",92
"1580",68
"1581",36
"1582",11
"1583",3
"1584",0
"1585",4
"1586",2
"1587",0
"1588",0
"1589",0
"1590",0
"1591",4
"1592",19
"1593",63
"1594",125
"1595",142
"1596",95
"1597",138
"1598",111
"1599",135
"1600",114
"1601",111
"1602",65
"1603",46
"1604",48
"1605",44
"1606",21
"1607",9
"1608",2
"1609",3
"1610",0
"1611",0
"1612",0
"1613",0
"1614",0
"1615",3
"1616",20
"1617",62
"1618",113
"1619",113
"1620",91
"1621",146
"1622",141
"1623",132
"1624",91
"1625",57
"1626",54
"1627",50
"1628",22
"1629",13
"1630",3
"1631",0
"1632",0
"1633",3
"1634",0
"1635",0
"1636",0
"1637",0
"1638",0
"1639",1
"1640",2
"1641",0
"1642",0
"1643",8
"1644",13
"1645",0
"1646",0
"1647",7
"1648",3
"1649",7
"1650",3
"1651",1
"1652",0
"1653",0
"1654",0
"1655",0
"1656",2
"1657",5
"1658",3
"1659",1
"1660",0
"1661",0
"1662",0
"1663",2
"1664",2
"1665",0
"1666",0
"1667",7
"1668",12
"1669",0
"1670",0
"1671",8
"1672",3
"1673",7
"1674",3
"1675",1
"1676",0
"1677",0
"1678",0
"1679",0
"1680",1
"1681",0
"1682",0
"1683",0
"1684",0
"1685",1
"1686",3
"1687",8
"1688",24
"1689",96
"1690",117
"1691",143
"1692",92
"1693",130
"1694",125
"1695",120
"1696",136
"1697",101
"1698",91
"1699",92
"1700",79
"1701",36
"1702",11
"1703",3
"1704",0
"1705",4
"1706",0
"1707",0
"1708",0
"1709",0
"1710",0
"1711",11
"1712",35
"1713",95
"1714",136
"1715",146
"1716",74
"1717",140
"1718",120
"1719",112
"1720",110
"1721",104
"1722",81
"1723",78
"1724",75
"1725",61
"1726",35
"1727",13
"1728",1
"1729",3
"1730",0
"1731",0
"1732",0
"1733",0
"1734",0
"1735",8
"1736",23
"1737",80
"1738",131
"1739",115
"1740",152
"1741",112
"1742",114
"1743",120
"1744",140
"1745",118
"1746",110
"1747",86
"1748",69
"1749",32
"1750",9
"1751",3
"1752",0
"1753",4
"1754",1
"1755",0
"1756",0
"1757",0
"1758",0
"1759",4
"1760",19
"1761",71
"1762",135
"1763",140
"1764",84
"1765",131
"1766",127
"1767",137
"1768",128
"1769",107
"1770",74
"1771",51
"1772",41
"1773",40
"1774",22
"1775",8
"1776",2
"1777",3
"1778",0
"1779",0
"1780",0
"1781",0
"1782",0
"1783",3
"1784",19
"1785",60
"1786",101
"1787",105
"1788",80
"1789",128
"1790",123
"1791",128
"1792",93
"1793",54
"1794",54
"1795",49
"1796",23
"1797",12
"1798",3
"1799",0
"1800",0
"1801",3
"1802",0
"1803",0
"1804",0
"1805",0
"1806",0
"1807",1
"1808",2
"1809",0
"1810",0
"1811",8
"1812",15
"1813",0
"1814",0
"1815",7
"1816",3
"1817",6
"1818",3
"1819",1
"1820",0
"1821",0
"1822",0
"1823",0
"1824",1
"1825",5
"1826",3
"1827",1
"1828",0
"1829",0
"1830",0
"1831",2
"1832",2
"1833",0
"1834",0
"1835",7
"1836",13
"1837",0
"1838",0
"1839",7
"1840",3
"1841",6
"1842",3
"1843",1
"1844",0
"1845",0
"1846",0
"1847",0
"1848",2
"1849",0
"1850",0
"1851",0
"1852",0
"1853",1
"1854",3
"1855",8
"1856",27
"1857",92
"1858",135
"1859",144
"1860",85
"1861",132
"1862",142
"1863",115
"1864",139
"1865",99
"1866",89
"1867",99
"1868",90
"1869",36
"1870",10
"1871",3
"1872",0
"1873",4
"1874",0
"1875",0
"1876",0
"1877",0
"1878",0
"1879",11
"1880",37
"1881",87
"1882",141
"1883",155
"1884",76
"1885",154
"1886",125
"1887",117
"1888",113
"1889",111
"1890",93
"1891",80
"1892",77
"1893",53
"1894",36
"1895",13
"1896",2
"1897",3
"1898",0
"1899",0
"1900",0
"1901",0
"1902",0
"1903",8
"1904",22
"1905",93
"1906",125
"1907",121
"1908",151
"1909",127
"1910",114
"1911",120
"1912",133
"1913",107
"1914",99
"1915",97
"1916",75
"1917",36
"1918",10
"1919",3
"1920",0
"1921",4
"1922",1
"1923",0
"1924",0
"1925",0
"1926",0
"1927",3
"1928",21
"1929",67
"1930",124
"1931",138
"1932",83
"1933",129
"1934",115
"1935",147
"1936",123
"1937",114
"1938",68
"1939",50
"1940",50
"1941",40
"1942",21
"1943",8
"1944",2
"1945",3
"1946",0
"1947",0
"1948",0
"1949",0
"1950",0
"1951",3
"1952",22
"1953",57
"1954",102
"1955",98
"1956",82
"1957",140
"1958",140
"1959",122
"1960",96
"1961",60
"1962",64
"1963",51
"1964",24
"1965",13
"1966",3
"1967",0
"1968",0
"1969",3
"1970",0
"1971",0
"1972",0
"1973",0
"1974",0
"1975",1
"1976",2
"1977",0
"1978",0
"1979",9
"1980",14
"1981",0
"1982",0
"1983",7
"1984",3
"1985",7
"1986",3
"1987",1
"1988",0
"1989",0
"1990",0
"1991",0
"1992",2
"1993",5
"1994",3
"1995",1
"1996",0
"1997",0
"1998",0
"1999",2
"2000",2
"2001",0
"2002",0
"2003",7
"2004",11
"2005",0
"2006",0
"2007",7
"2008",3
"2009",7
"2010",3
"2011",1
"2012",0
"2013",0
"2014",0
"2015",0
"2016",2
"2017",0
"2018",0
"2019",0
"2020",0
"2021",1
"2022",2
"2023",7
"2024",28
"2025",93
"2026",119
"2027",130
"2028",94
"2029",128
"2030",136
"2031",111
"2032",125
"2033",97
"2034",89
"2035",91
"2036",91
"2037",39
"2038",10
"2039",3
"2040",0
"2041",4
"2042",0
"2043",0
"2044",0
"2045",0
"2046",0
"2047",10
"2048",35
"2049",93
"2050",158
"2051",155
"2052",71
"2053",158
"2054",126
"2055",133
"2056",120
"2057",104
"2058",96
"2059",93
"2060",80
"2061",62
"2062",33
"2063",13
"2064",1
"2065",3
"2066",0
"2067",0
"2068",0
"2069",0
"2070",0
"2071",7
"2072",24
"2073",78
"2074",119
"2075",113
"2076",135
"2077",116
"2078",117
"2079",129
"2080",126
"2081",101
"2082",103
"2083",92
"2084",71
"2085",33
"2086",10
"2087",3
"2088",0
"2089",3
"2090",2
"2091",0
"2092",0
"2093",0
"2094",0
"2095",3
"2096",18
"2097",71
"2098",118
"2099",131
"2100",86
"2101",143
"2102",116
"2103",143
"2104",128
"2105",95
"2106",71
"2107",47
"2108",45
"2109",41
"2110",21
"2111",8
"2112",2
"2113",3
"2114",0
"2115",0
"2116",0
"2117",0
"2118",0
"2119",3
"2120",20
"2121",56
"2122",114
"2123",108
"2124",89
"2125",137
"2126",129
"2127",118
"2128",105
"2129",63
"2130",61
"2131",47
"2132",23
"2133",13
"2134",3
"2135",0
"2136",0
"2137",3
"2138",0
"2139",0
"2140",0
"2141",0
"2142",0
"2143",1
"2144",2
"2145",0
"2146",0
"2147",8
"2148",13
"2149",0
"2150",0
"2151",7
"2152",3
"2153",6
"2154",3
"2155",1
"2156",0
"2157",0
"2158",0
"2159",0
"2160",2
"2161",5
"2162",3
"2163",1
"2164",0
"2165",0
"2166",0
"2167",1
"2168",2
"2169",0
"2170",0
"2171",6
"2172",13
"2173",0
"2174",0
"2175",7
"2176",3
"2177",7
"2178",3
"2179",1
"2180",0
"2181",0
"2182",0
"2183",0
"2184",1
"2185",0
"2186",0
"2187",0
"2188",0
"2189",1
"2190",2
"2191",7
"2192",26
"2193",89
"2194",134
"2195",149
"2196",99
"2197",138
"2198",123
"2199",120
"2200",129
"2201",101
"2202",90
"2203",99
"2204",88
"2205",35
"2206",10
"2207",4
"2208",0
"2209",4
"2210",0
"2211",0
"2212",0
"2213",0
"2214",0
"2215",11
"2216",34
"2217",86
"2218",147
"2219",152
"2220",76
"2221",134
"2222",112
"2223",119
"2224",102
"2225",107
"2226",84
"2227",92
"2228",70
"2229",59
"2230",31
"2231",13
"2232",1
"2233",3
"2234",0
"2235",0
"2236",0
"2237",0
"2238",0
"2239",7
"2240",25
"2241",86
"2242",129
"2243",122
"2244",156
"2245",113
"2246",103
"2247",131
"2248",150
"2249",117
"2250",101
"2251",89
"2252",68
"2253",36
"2254",10
"2255",3
"2256",0
"2257",3
"2258",2
"2259",0
"2260",0
"2261",0
"2262",0
"2263",4
"2264",20
"2265",64
"2266",115
"2267",135
"2268",91
"2269",155
"2270",112
"2271",125
"2272",114
"2273",107
"2274",69
"2275",50
"2276",49
"2277",43
"2278",21
"2279",9
"2280",2
"2281",3
"2282",0
"2283",0
"2284",0
"2285",0
"2286",0
"2287",3
"2288",22
"2289",58
"2290",99
"2291",101
"2292",84
"2293",147
"2294",146
"2295",129
"2296",94
"2297",55
"2298",59
"2299",47
"2300",22
"2301",14
"2302",3
"2303",0
"2304",0
"2305",3
"2306",0
"2307",0
"2308",0
"2309",0
"2310",0
"2311",1
"2312",2
"2313",0
"2314",0
"2315",9
"2316",15
"2317",0
"2318",0
"2319",8
"2320",2
"2321",7
"2322",3
"2323",1
"2324",0
"2325",0
"2326",0
"2327",0
"2328",2
"2329",6
"2330",3
"2331",1
"2332",0
"2333",0
"2334",0
"2335",1
"2336",2
"2337",0
"2338",0
"2339",6
"2340",13
"2341",0
"2342",0
"2343",8
"2344",3
"2345",6
"2346",3
"2347",1
"2348",0
"2349",0
"2350",0
"2351",0
"2352",2
"2353",0
"2354",0
"2355",0
"2356",0
"2357",1
"2358",3
"2359",7
"2360",27
"2361",98
"2362",99
"2363",106
"2364",74
"2365",158
"2366",100
"2367",135
"2368",135
"2369",74
"2370",88
"2371",106
"2372",92
"2373",33
"2374",12
"2375",4
"2376",0
"2377",5
"2378",0
"2379",0
"2380",0
"2381",0
"2382",0
"2383",9
"2384",40
"2385",101
"2386",151
"2387",121
"2388",91
"2389",172
"2390",102
"2391",141
"2392",105
"2393",117
"2394",81
"2395",72
"2396",82
"2397",59
"2398",28
"2399",11
"2400",1
"2401",3
"2402",0
"2403",0
"2404",0
"2405",0
"2406",0
"2407",8
"2408",21
"2409",90
"2410",99
"2411",140
"2412",142
"2413",137
"2414",107
"2415",107
"2416",136
"2417",120
"2418",78
"2419",74
"2420",81
"2421",41
"2422",12
"2423",3
"2424",0
"2425",3
"2426",2
"2427",0
"2428",0
"2429",0
"2430",0
"2431",4
"2432",21
"2433",56
"2434",97
"2435",123
"2436",83
"2437",117
"2438",140
"2439",108
"2440",143
"2441",97
"2442",58
"2443",41
"2444",42
"2445",44
"2446",25
"2447",8
"2448",2
"2449",3
"2450",0
"2451",0
"2452",0
"2453",0
"2454",0
"2455",2
"2456",21
"2457",59
"2458",78
"2459",124
"2460",73
"2461",146
"2462",134
"2463",151
"2464",99
"2465",61
"2466",59
"2467",39
"2468",17
"2469",15
"2470",2
"2471",0
"2472",0
"2473",3
"2474",0
"2475",0
"2476",0
"2477",0
"2478",0
"2479",1
"2480",2
"2481",0
"2482",0
"2483",7
"2484",11
"2485",0
"2486",0
"2487",7
"2488",2
"2489",6
"2490",3
"2491",1
"2492",0
"2493",0
"2494",0
"2495",0
"2496",2
"2497",7
"2498",2
"2499",1
"2500",0
"2501",0
"2502",0
"2503",2
"2504",2
"2505",0
"2506",0
"2507",7
"2508",9
"2509",0
"2510",0
"2511",6
"2512",3
"2513",7
"2514",3
"2515",1
"2516",0
"2517",0
"2518",0
"2519",0
"2520",1
"2521",0
"2522",0
"2523",0
"2524",0
"2525",1
"2526",3
"2527",9
"2528",21
"2529",81
"2530",113
"2531",121
"2532",107
"2533",143
"2534",124
"2535",115
"2536",121
"2537",80
"2538",86
"2539",91
"2540",99
"2541",34
"2542",12
"2543",2
"2544",0
"2545",3
"2546",0
"2547",0
"2548",0
"2549",0
"2550",0
"2551",12
"2552",43
"2553",92
"2554",118
"2555",185
"2556",62
"2557",123
"2558",102
"2559",133
"2560",133
"2561",82
"2562",82
"2563",94
"2564",62
"2565",52
"2566",40
"2567",14
"2568",2
"2569",3
"2570",0
"2571",0
"2572",0
"2573",0
"2574",0
"2575",8
"2576",18
"2577",88
"2578",135
"2579",137
"2580",127
"2581",115
"2582",112
"2583",100
"2584",145
"2585",110
"2586",120
"2587",107
"2588",65
"2589",34
"2590",9
"2591",3
"2592",0
"2593",3
"2594",2
"2595",0
"2596",0
"2597",0
"2598",0
"2599",3
"2600",21
"2601",57
"2602",145
"2603",146
"2604",94
"2605",149
"2606",122
"2607",159
"2608",98
"2609",103
"2610",79
"2611",56
"2612",46
"2613",32
"2614",17
"2615",8
"2616",3
"2617",2
"2618",0
"2619",0
"2620",0
"2621",0
"2622",0
"2623",3
"2624",21
"2625",67
"2626",122
"2627",84
"2628",77
"2629",145
"2630",153
"2631",102
"2632",72
"2633",58
"2634",54
"2635",38
"2636",17
"2637",13
"2638",3
"2639",0
"2640",0
"2641",3
"2642",0
"2643",0
"2644",0
"2645",0
"2646",0
"2647",1
"2648",1
"2649",0
"2650",0
"2651",10
"2652",17
"2653",0
"2654",0
"2655",6
"2656",2
"2657",6
"2658",2
"2659",1
"2660",0
"2661",0
"2662",0
"2663",0
"2664",2
"2665",4
"2666",2
"2667",1
"2668",0
"2669",0
"2670",0
"2671",1
"2672",2
"2673",0
"2674",0
"2675",5
"2676",14
"2677",0
"2678",0
"2679",8
"2680",2
"2681",5
"2682",3
"2683",1
"2684",0
"2685",0
"2686",0
"2687",0
"2688",1
"2689",0
"2690",0
"2691",0
"2692",0
"2693",1
"2694",2
"2695",5
"2696",29
"2697",95
"2698",145
"2699",138
"2700",95
"2701",151
"2702",98
"2703",94
"2704",120
"2705",93
"2706",87
"2707",81
"2708",80
"2709",30
"2710",9
"2711",2
"2712",0
"2713",4
"2714",0
"2715",0
"2716",0
"2717",0
"2718",0
"2719",11
"2720",41
"2721",103
"2722",169
"2723",172
"2724",63
"2725",156
"2726",126
"2727",120
"2728",103
"2729",107
"2730",96
"2731",72
"2732",84
"2733",69
"2734",36
"2735",14
"2736",1
"2737",3
"2738",0
"2739",0
"2740",0
"2741",0
"2742",0
"2743",5
"2744",26
"2745",91
"2746",107
"2747",136
"2748",139
"2749",95
"2750",132
"2751",107
"2752",123
"2753",113
"2754",109
"2755",82
"2756",61
"2757",33
"2758",12
"2759",3
"2760",0
"2761",3
"2762",1
"2763",0
"2764",0
"2765",0
"2766",0
"2767",3
"2768",18
"2769",60
"2770",123
"2771",122
"2772",81
"2773",154
"2774",109
"2775",143
"2776",123
"2777",78
"2778",56
"2779",46
"2780",37
"2781",45
"2782",19
"2783",8
"2784",2
"2785",2
"2786",0
"2787",0
"2788",0
"2789",0
"2790",0
"2791",3
"2792",20
"2793",55
"2794",94
"2795",92
"2796",89
"2797",143
"2798",136
"2799",105
"2800",89
"2801",66
"2802",53
"2803",47
"2804",16
"2805",11
"2806",2
"2807",0
"2808",0
"2809",3
"2810",0
"2811",0
"2812",0
"2813",0
"2814",0
"2815",1
"2816",2
"2817",0
"2818",0
"2819",7
"2820",12
"2821",0
"2822",0
"2823",7
"2824",2
"2825",6
"2826",3
"2827",1
"2828",0
"2829",0
"2830",0
"2831",0
"2832",2
"2833",6
"2834",3
"2835",1
"2836",1
"2837",0
"2838",0
"2839",1
"2840",3
"2841",0
"2842",0
"2843",5
"2844",13
"2845",0
"2846",0
"2847",9
"2848",3
"2849",6
"2850",3
"2851",1
"2852",0
"2853",0
"2854",0
"2855",0
"2856",2
"2857",0
"2858",0
"2859",0
"2860",0
"2861",1
"2862",2
"2863",6
"2864",21
"2865",91
"2866",128
"2867",125
"2868",92
"2869",110
"2870",119
"2871",137
"2872",105
"2873",114
"2874",78
"2875",74
"2876",97
"2877",28
"2878",11
"2879",3
"2880",0
"2881",4
"2882",0
"2883",0
"2884",0
"2885",0
"2886",0
"2887",10
"2888",36
"2889",80
"2890",125
"2891",146
"2892",80
"2893",165
"2894",122
"2895",140
"2896",93
"2897",111
"2898",87
"2899",87
"2900",63
"2901",58
"2902",38
"2903",15
"2904",1
"2905",3
"2906",0
"2907",0
"2908",0
"2909",0
"2910",0
"2911",6
"2912",23
"2913",70
"2914",146
"2915",136
"2916",149
"2917",104
"2918",110
"2919",130
"2920",146
"2921",100
"2922",119
"2923",75
"2924",63
"2925",27
"2926",9
"2927",3
"2928",0
"2929",4
"2930",1
"2931",0
"2932",0
"2933",0
"2934",0
"2935",3
"2936",24
"2937",64
"2938",148
"2939",155
"2940",91
"2941",136
"2942",111
"2943",122
"2944",123
"2945",109
"2946",57
"2947",42
"2948",55
"2949",40
"2950",21
"2951",9
"2952",2
"2953",4
"2954",0
"2955",0
"2956",0
"2957",0
"2958",0
"2959",3
"2960",17
"2961",64
"2962",78
"2963",88
"2964",78
"2965",163
"2966",131
"2967",151
"2968",93
"2969",48
"2970",45
"2971",49
"2972",23
"2973",11
"2974",3
"2975",0
"2976",0
"2977",2
"2978",0
"2979",0
"2980",0
"2981",0
"2982",0
"2983",1
"2984",1
"2985",0
"2986",0
"2987",9
"2988",15
"2989",0
"2990",0
"2991",7
"2992",2
"2993",7
"2994",2
"2995",1
"2996",0
"2997",0
"2998",0
"2999",0
"3000",2
"3001",6
"3002",3
"3003",1
"3004",0
"3005",0
"3006",0
"3007",2
"3008",3
"3009",0
"3010",0
"3011",6
"3012",10
"3013",0
"3014",0
"3015",9
"3016",3
"3017",8
"3018",3
"3019",1
"3020",0
"3021",0
"3022",0
"3023",0
"3024",2
"3025",0
"3026",0
"3027",0
"3028",0
"3029",1
"3030",2
"3031",9
"3032",30
"3033",98
"3034",142
"3035",127
"3036",76
"3037",134
"3038",153
"3039",125
"3040",145
"3041",85
"3042",100
"3043",73
"3044",70
"3045",29
"3046",11
"3047",4
"3048",0
"3049",3
"3050",0
"3051",0
"3052",0
"3053",0
"3054",0
"3055",11
"3056",28
"3057",107
"3058",133
"3059",175
"3060",63
"3061",129
"3062",109
"3063",95
"3064",117
"3065",123
"3066",102
"3067",77
"3068",82
"3069",63
"3070",33
"3071",12
"3072",1
"3073",3
"3074",0
"3075",0
"3076",0
"3077",0
"3078",0
"3079",9
"3080",25
"3081",101
"3082",93
"3083",129
"3084",137
"3085",117
"3086",101
"3087",113
"3088",167
"3089",124
"3090",92
"3091",112
"3092",78
"3093",35
"3094",11
"3095",4
"3096",0
"3097",3
"3098",2
"3099",0
"3100",0
"3101",0
"3102",0
"3103",3
"3104",24
"3105",50
"3106",127
"3107",109
"3108",70
"3109",128
"3110",116
"3111",120
"3112",134
"3113",93
"3114",53
"3115",57
"3116",55
"3117",34
"3118",23
"3119",7
"3120",2
"3121",2
"3122",0
"3123",0
"3124",0
"3125",0
"3126",0
"3127",3
"3128",16
"3129",61
"3130",114
"3131",125
"3132",82
"3133",125
"3134",146
"3135",104
"3136",112
"3137",55
"3138",61
"3139",59
"3140",19
"3141",13
"3142",2
"3143",0
"3144",0
"3145",3
"3146",0
"3147",0
"3148",0
"3149",0
"3150",0
"3151",1
"3152",1
"3153",0
"3154",0
"3155",9
"3156",13
"3157",0
"3158",0
"3159",6
"3160",3
"3161",8
"3162",3
"3163",1
"3164",0
"3165",0
"3166",0
"3167",0
"3168",2
"3169",4
"3170",3
"3171",1
"3172",0
"3173",0
"3174",0
"3175",1
"3176",3
"3177",0
"3178",0
"3179",7
"3180",13
"3181",0
"3182",0
"3183",8
"3184",2
"3185",7
"3186",2
"3187",1
"3188",0
"3189",0
"3190",0
"3191",0
"3192",1
"3193",0
"3194",0
"3195",0
"3196",0
"3197",1
"3198",2
"3199",6
"3200",20
"3201",74
"3202",119
"3203",140
"3204",72
"3205",158
"3206",141
"3207",109
"3208",120
"3209",81
"3210",85
"3211",104
"3212",89
"3213",39
"3214",12
"3215",3
"3216",0
"3217",5
"3218",0
"3219",0
"3220",0
"3221",0
"3222",0
"3223",7
"3224",29
"3225",77
"3226",127
"3227",143
"3228",62
"3229",147
"3230",114
"3231",144
"3232",114
"3233",86
"3234",69
"3235",87
"3236",73
"3237",47
"3238",39
"3239",13
"3240",2
"3241",2
"3242",0
"3243",0
"3244",0
"3245",0
"3246",0
"3247",6
"3248",17
"3249",84
"3250",104
"3251",128
"3252",146
"3253",103
"3254",134
"3255",118
"3256",132
"3257",105
"3258",90
"3259",110
"3260",86
"3261",31
"3262",12
"3263",3
"3264",0
"3265",3
"3266",1
"3267",0
"3268",0
"3269",0
"3270",0
"3271",3
"3272",23
"3273",62
"3274",137
"3275",127
"3276",78
"3277",107
"3278",134
"3279",130
"3280",111
"3281",92
"3282",75
"3283",47
"3284",44
"3285",39
"3286",21
"3287",8
"3288",2
"3289",3
"3290",0
"3291",0
"3292",0
"3293",0
"3294",0
"3295",4
"3296",18
"3297",45
"3298",124
"3299",101
"3300",79
"3301",157
"3302",152
"3303",113
"3304",99
"3305",64
"3306",58
"3307",56
"3308",24
"3309",14
"3310",2
"3311",0
"3312",0
"3313",2
"3314",0
"3315",0
"3316",0
"3317",0
"3318",0
"3319",1
"3320",2
"3321",0
"3322",0
"3323",7
"3324",16
"3325",0
"3326",0
"3327",6
"3328",2
"3329",6
"3330",3
"3331",2
"3332",0
"3333",0
"3334",0
"3335",0
"3336",2
"3337",6
"3338",3
"3339",1
"3340",0
"3341",0
"3342",0
"3343",1
"3344",2
"3345",0
"3346",0
"3347",5
"3348",11
"3349",0
"3350",0
"3351",9
"3352",3
"3353",7
"3354",3
"3355",1
"3356",0
"3357",0
"3358",0
"3359",0
"3360",2
"3361",0
"3362",0
"3363",0
"3364",0
"3365",1
"3366",2
"3367",8
"3368",24
"3369",76
"3370",136
"3371",143
"3372",93
"3373",113
"3374",118
"3375",131
"3376",149
"3377",110
"3378",82
"3379",78
"3380",94
"3381",42
"3382",10
"3383",2
"3384",0
"3385",4
"3386",0
"3387",0
"3388",0
"3389",0
"3390",0
"3391",11
"3392",43
"3393",92
"3394",154
"3395",154
"3396",75
"3397",145
"3398",147
"3399",122
"3400",87
"3401",119
"3402",95
"3403",102
"3404",56
"3405",50
"3406",32
"3407",14
"3408",1
"3409",3
"3410",0
"3411",0
"3412",0
"3413",0
"3414",0
"3415",5
"3416",22
"3417",101
"3418",104
"3419",123
"3420",144
"3421",136
"3422",107
"3423",115
"3424",156
"3425",113
"3426",79
"3427",102
"3428",76
"3429",38
"3430",10
"3431",2
"3432",0
"3433",3
"3434",2
"3435",0
"3436",0
"3437",0
"3438",0
"3439",4
"3440",22
"3441",71
"3442",96
"3443",166
"3444",79
"3445",162
"3446",109
"3447",156
"3448",139
"3449",108
"3450",58
"3451",53
"3452",40
"3453",37
"3454",21
"3455",7
"3456",2
"3457",2
"3458",0
"3459",0
"3460",0
"3461",0
"3462",0
"3463",3
"3464",17
"3465",58
"3466",99
"3467",100
"3468",97
"3469",133
"3470",138
"3471",114
"3472",109
"3473",61
"3474",54
"3475",55
"3476",18
"3477",10
"3478",2
"3479",0
"3480",0
"3481",2
"3482",0
"3483",0
"3484",0
"3485",0
"3486",0
"3487",1
"3488",1
"3489",0
"3490",0
"3491",8
"3492",15
"3493",0
"3494",0
"3495",8
"3496",3
"3497",8
"3498",4
"3499",2
"3500",0
"3501",0
"3502",0
"3503",0
"3504",2
"3505",7
"3506",2
"3507",1
"3508",0
"3509",0
"3510",0
"3511",1
"3512",3
"3513",0
"3514",0
"3515",6
"3516",11
"3517",0
"3518",0
"3519",9
"3520",2
"3521",7
"3522",2
"3523",1
"3524",0
"3525",0
"3526",0
"3527",0
"3528",1
"3529",0
"3530",0
"3531",0
"3532",0
"3533",0
"3534",1
"3535",5
"3536",16
"3537",62
"3538",83
"3539",82
"3540",59
"3541",92
"3542",78
"3543",83
"3544",85
"3545",64
"3546",55
"3547",63
"3548",57
"3549",23
"3550",7
"3551",2
"3552",0
"3553",3
"3554",0
"3555",0
"3556",0
"3557",0
"3558",0
"3559",6
"3560",23
"3561",59
"3562",101
"3563",111
"3564",49
"3565",98
"3566",78
"3567",75
"3568",72
"3569",72
"3570",53
"3571",53
"3572",48
"3573",36
"3574",21
"3575",9
"3576",1
"3577",2
"3578",0
"3579",0
"3580",0
"3581",0
"3582",0
"3583",5
"3584",15
"3585",55
"3586",81
"3587",87
"3588",87
"3589",81
"3590",74
"3591",75
"3592",88
"3593",74
"3594",63
"3595",56
"3596",45
"3597",21
"3598",6
"3599",2
"3600",0
"3601",2
"3602",1
"3603",0
"3604",0
"3605",0
"3606",0
"3607",2
"3608",12
"3609",43
"3610",79
"3611",87
"3612",57
"3613",94
"3614",79
"3615",89
"3616",82
"3617",66
"3618",44
"3619",34
"3620",28
"3621",27
"3622",14
"3623",5
"3624",1
"3625",2
"3626",0
"3627",0
"3628",0
"3629",0
"3630",0
"3631",2
"3632",14
"3633",37
"3634",63
"3635",65
"3636",55
"3637",89
"3638",91
"3639",89
"3640",63
"3641",40
"3642",38
"3643",34
"3644",13
"3645",7
"3646",1
"3647",0
"3648",0
"3649",2
"3650",0
"3651",0
"3652",0
"3653",0
"3654",0
"3655",0
"3656",1
"3657",0
"3658",0
"3659",5
"3660",9
"3661",0
"3662",0
"3663",4
"3664",1
"3665",4
"3666",2
"3667",1
"3668",0
"3669",0
"3670",0
"3671",0
"3672",1
"3673",4
"3674",2
"3675",1
"3676",0
"3677",0
"3678",0
"3679",1
"3680",1
"3681",0
"3682",0
"3683",3
"3684",7
"3685",0
"3686",0
"3687",5
"3688",2
"3689",4
"3690",2
"3691",1
"3692",0
"3693",0
"3694",0
"3695",0
"3696",1
"3697",0
"3698",0
"3699",0
"3700",0
"3701",1
"3702",1
"3703",4
"3704",16
"3705",58
"3706",81
"3707",90
"3708",56
"3709",85
"3710",81
"3711",72
"3712",90
"3713",65
"3714",56
"3715",58
"3716",50
"3717",25
"3718",7
"3719",2
"3720",0
"3721",3
"3722",0
"3723",0
"3724",0
"3725",0
"3726",0
"3727",6
"3728",24
"3729",55
"3730",91
"3731",97
"3732",50
"3733",103
"3734",77
"3735",79
"3736",72
"3737",72
"3738",54
"3739",59
"3740",50
"3741",39
"3742",23
"3743",8
"3744",1
"3745",2
"3746",0
"3747",0
"3748",0
"3749",0
"3750",0
"3751",5
"3752",15
"3753",56
"3754",79
"3755",77
"3756",92
"3757",80
"3758",78
"3759",78
"3760",96
"3761",69
"3762",66
"3763",58
"3764",48
"3765",23
"3766",6
"3767",2
"3768",0
"3769",2
"3770",1
"3771",0
"3772",0
"3773",0
"3774",0
"3775",2
"3776",13
"3777",40
"3778",78
"3779",90
"3780",58
"3781",98
"3782",78
"3783",93
"3784",81
"3785",67
"3786",44
"3787",30
"3788",32
"3789",25
"3790",15
"3791",5
"3792",1
"3793",2
"3794",0
"3795",0
"3796",0
"3797",0
"3798",0
"3799",2
"3800",14
"3801",36
"3802",66
"3803",72
"3804",54
"3805",90
"3806",91
"3807",80
"3808",60
"3809",38
"3810",36
"3811",33
"3812",14
"3813",8
"3814",1
"3815",0
"3816",0
"3817",2
"3818",0
"3819",0
"3820",0
"3821",0
"3822",0
"3823",0
"3824",1
"3825",0
"3826",0
"3827",5
"3828",8
"3829",0
"3830",0
"3831",4
"3832",2
"3833",4
"3834",2
"3835",1
"3836",0
"3837",0
"3838",0
"3839",0
"3840",1
"3841",3
"3842",2
"3843",1
"3844",0
"3845",0
"3846",0
"3847",1
"3848",1
"3849",0
"3850",0
"3851",4
"3852",7
"3853",0
"3854",0
"3855",5
"3856",1
"3857",4
"3858",2
"3859",1
"3860",0
"3861",0
"3862",0
"3863",0
"3864",1
"3865",0
"3866",0
"3867",0
"3868",0
"3869",1
"3870",1
"3871",5
"3872",18
"3873",64
"3874",82
"3875",82
"3876",60
"3877",82
"3878",80
"3879",80
"3880",87
"3881",60
"3882",59
"3883",62
"3884",57
"3885",24
"3886",6
"3887",2
"3888",0
"3889",2
"3890",0
"3891",0
"3892",0
"3893",0
"3894",0
"3895",6
"3896",22
"3897",54
"3898",93
"3899",111
"3900",46
"3901",91
"3902",77
"3903",85
"3904",70
"3905",69
"3906",59
"3907",56
"3908",50
"3909",37
"3910",24
"3911",8
"3912",1
"3913",2
"3914",0
"3915",0
"3916",0
"3917",0
"3918",0
"3919",4
"3920",14
"3921",52
"3922",75
"3923",85
"3924",90
"3925",73
"3926",71
"3927",80
"3928",90
"3929",65
"3930",64
"3931",61
"3932",48
"3933",23
"3934",6
"3935",2
"3936",0
"3937",2
"3938",1
"3939",0
"3940",0
"3941",0
"3942",0
"3943",2
"3944",13
"3945",45
"3946",76
"3947",85
"3948",56
"3949",86
"3950",80
"3951",92
"3952",78
"3953",71
"3954",44
"3955",31
"3956",29
"3957",27
"3958",13
"3959",6
"3960",1
"3961",2
"3962",0
"3963",0
"3964",0
"3965",0
"3966",0
"3967",2
"3968",13
"3969",35
"3970",65
"3971",68
"3972",52
"3973",96
"3974",85
"3975",81
"3976",66
"3977",39
"3978",36
"3979",35
"3980",14
"3981",8
"3982",2
"3983",0
"3984",0
"3985",2
"3986",0
"3987",0
"3988",0
"3989",0
"3990",0
"3991",0
"3992",1
"3993",0
"3994",0
"3995",5
"3996",10
"3997",0
"3998",0
"3999",4
"4000",1
"4001",4
"4002",2
"4003",1
"4004",0
"4005",0
"4006",0
"4007",0
"4008",1
"4009",3
"4010",2
"4011",1
"4012",0
"4013",0
"4014",0
"4015",1
"4016",1
"4017",0
"4018",0
"4019",3
"4020",8
"4021",0
"4022",0
"4023",5
"4024",2
"4025",4
"4026",2
"4027",1
"4028",0
"4029",0
"4030",0
"4031",0
"4032",1
"4033",0
"4034",0
"4035",0
"4036",0
"4037",1
"4038",1
"4039",5
"4040",17
"4041",62
"4042",81
"4043",88
"4044",56
"4045",93
"4046",87
"4047",83
"4048",84
"4049",63
"4050",57
"4051",64
"4052",54
"4053",22
"4054",7
"4055",2
"4056",0
"4057",3
"4058",0
"4059",0
"4060",0
"4061",0
"4062",0
"4063",7
"4064",24
"4065",61
"4066",101
"4067",102
"4068",47
"4069",101
"4070",86
"4071",81
"4072",78
"4073",67
"4074",60
"4075",54
"4076",51
"4077",37
"4078",22
"4079",8
"4080",1
"4081",1
"4082",0
"4083",0
"4084",0
"4085",0
"4086",0
"4087",5
"4088",14
"4089",55
"4090",83
"4091",79
"4092",91
"4093",75
"4094",74
"4095",76
"4096",96
"4097",73
"4098",65
"4099",58
"4100",48
"4101",23
"4102",6
"4103",2
"4104",0
"4105",2
"4106",1
"4107",0
"4108",0
"4109",0
"4110",0
"4111",2
"4112",12
"4113",46
"4114",82
"4115",87
"4116",62
"4117",93
"4118",74
"4119",83
"4120",76
"4121",70
"4122",42
"4123",33
"4124",28
"4125",26
"4126",15
"4127",5
"4128",1
"4129",2
"4130",0
"4131",0
"4132",0
"4133",0
"4134",0
"4135",2
"4136",13
"4137",35
"4138",64
"4139",69
"4140",52
"4141",90
"4142",93
"4143",86
"4144",59
"4145",38
"4146",35
"4147",31
"4148",13
"4149",8
"4150",1
"4151",0
"4152",0
"4153",2
"4154",0
"4155",0
"4156",0
"4157",0
"4158",0
"4159",0
"4160",1
"4161",0
"4162",0
"4163",5
"4164",8
"4165",0
"4166",0
"4167",5
"4168",1
"4169",4
"4170",2
"4171",1
"4172",0
"4173",0
"4174",0
"4175",0
"4176",1
"4177",3
"4178",2
"4179",1
"4180",0
"4181",0
"4182",0
"4183",1
"4184",1
"4185",0
"4186",0
"4187",4
"4188",7
"4189",0
"4190",0
"4191",4
"4192",2
"4193",4
"4194",2
"4195",1
"4196",0
"4197",0
"4198",0
"4199",0
"4200",1
"4201",0
"4202",0
"4203",0
"4204",0
"4205",0
"4206",1
"4207",2
"4208",14
"4209",49
"4210",62
"4211",49
"4212",31
"4213",54
"4214",58
"4215",45
"4216",66
"4217",34
"4218",40
"4219",51
"4220",43
"4221",16
"4222",4
"4223",1
"4224",0
"4225",2
"4226",0
"4227",0
"4228",0
"4229",0
"4230",0
"4231",3
"4232",17
"4233",47
"4234",64
"4235",76
"4236",30
"4237",59
"4238",46
"4239",47
"4240",59
"4241",48
"4242",35
"4243",41
"4244",34
"4245",28
"4246",16
"4247",7
"4248",0
"4249",1
"4250",0
"4251",0
"4252",0
"4253",0
"4254",0
"4255",3
"4256",8
"4257",46
"4258",56
"4259",50
"4260",51
"4261",58
"4262",58
"4263",50
"4264",70
"4265",56
"4266",39
"4267",42
"4268",34
"4269",17
"4270",4
"4271",1
"4272",0
"4273",1
"4274",0
"4275",0
"4276",0
"4277",0
"4278",0
"4279",1
"4280",7
"4281",28
"4282",49
"4283",62
"4284",43
"4285",62
"4286",66
"4287",68
"4288",68
"4289",46
"4290",27
"4291",19
"4292",16
"4293",19
"4294",8
"4295",3
"4296",1
"4297",1
"4298",0
"4299",0
"4300",0
"4301",0
"4302",0
"4303",1
"4304",9
"4305",22
"4306",50
"4307",51
"4308",33
"4309",56
"4310",67
"4311",69
"4312",50
"4313",30
"4314",26
"4315",23
"4316",11
"4317",6
"4318",1
"4319",0
"4320",0
"4321",1
"4322",0
"4323",0
"4324",0
"4325",0
"4326",0
"4327",0
"4328",1
"4329",0
"4330",0
"4331",3
"4332",7
"4333",0
"4334",0
"4335",3
"4336",1
"4337",3
"4338",1
"4339",0
"4340",0
"4341",0
"4342",0
"4343",0
"4344",0
"4345",3
"4346",1
"4347",0
"4348",0
"4349",0
"4350",0
"4351",1
"4352",1
"4353",0
"4354",0
"4355",2
"4356",6
"4357",0
"4358",0
"4359",3
"4360",1
"4361",3
"4362",1
"4363",0
"4364",0
"4365",0
"4366",0
"4367",0
"4368",0
"4369",0
"4370",0
"4371",0
"4372",0
"4373",0
"4374",1
"4375",3
"4376",13
"4377",36
"4378",66
"4379",68
"4380",46
"4381",72
"4382",50
"4383",65
"4384",51
"4385",38
"4386",39
"4387",44
"4388",34
"4389",19
"4390",5
"4391",1
"4392",0
"4393",2
"4394",0
"4395",0
"4396",0
"4397",0
"4398",0
"4399",5
"4400",19
"4401",38
"4402",75
"4403",56
"4404",41
"4405",62
"4406",53
"4407",52
"4408",44
"4409",40
"4410",36
"4411",37
"4412",37
"4413",30
"4414",14
"4415",7
"4416",1
"4417",1
"4418",0
"4419",0
"4420",0
"4421",0
"4422",0
"4423",3
"4424",11
"4425",30
"4426",61
"4427",63
"4428",60
"4429",64
"4430",48
"4431",45
"4432",54
"4433",42
"4434",52
"4435",49
"4436",37
"4437",12
"4438",3
"4439",1
"4440",0
"4441",1
"4442",1
"4443",0
"4444",0
"4445",0
"4446",0
"4447",2
"4448",7
"4449",27
"4450",48
"4451",70
"4452",47
"4453",54
"4454",58
"4455",72
"4456",67
"4457",47
"4458",37
"4459",26
"4460",24
"4461",16
"4462",10
"4463",4
"4464",1
"4465",1
"4466",0
"4467",0
"4468",0
"4469",0
"4470",0
"4471",1
"4472",8
"4473",25
"4474",44
"4475",52
"4476",31
"4477",57
"4478",51
"4479",53
"4480",38
"4481",20
"4482",24
"4483",24
"4484",10
"4485",4
"4486",1
"4487",0
"4488",0
"4489",1
"4490",0
"4491",0
"4492",0
"4493",0
"4494",0
"4495",0
"4496",1
"4497",0
"4498",0
"4499",3
"4500",7
"4501",0
"4502",0
"4503",2
"4504",1
"4505",3
"4506",1
"4507",0
"4508",0
"4509",0
"4510",0
"4511",0
"4512",0
"4513",2
"4514",1
"4515",0
"4516",0
"4517",0
"4518",0
"4519",1
"4520",1
"4521",0
"4522",0
"4523",3
"4524",6
"4525",0
"4526",0
"4527",3
"4528",1
"4529",2
"4530",1
"4531",0
"4532",0
"4533",0
"4534",0
"4535",0
"4536",0
"4537",0
"4538",0
"4539",0
"4540",0
"4541",0
"4542",1
"4543",3
"4544",11
"4545",44
"4546",59
"4547",61
"4548",36
"4549",47
"4550",60
"4551",62
"4552",57
"4553",52
"4554",41
"4555",35
"4556",42
"4557",16
"4558",4
"4559",2
"4560",0
"4561",1
"4562",0
"4563",0
"4564",0
"4565",0
"4566",0
"4567",4
"4568",15
"4569",39
"4570",64
"4571",56
"4572",34
"4573",78
"4574",45
"4575",47
"4576",54
"4577",38
"4578",31
"4579",37
"4580",36
"4581",21
"4582",13
"4583",6
"4584",0
"4585",1
"4586",0
"4587",0
"4588",0
"4589",0
"4590",0
"4591",3
"4592",9
"4593",42
"4594",53
"4595",55
"4596",71
"4597",50
"4598",56
"4599",46
"4600",49
"4601",41
"4602",54
"4603",48
"4604",26
"4605",14
"4606",4
"4607",1
"4608",0
"4609",2
"4610",0
"4611",0
"4612",0
"4613",0
"4614",0
"4615",2
"4616",9
"4617",27
"4618",62
"4619",65
"4620",45
"4621",60
"4622",52
"4623",64
"4624",62
"4625",56
"4626",38
"4627",21
"4628",16
"4629",17
"4630",11
"4631",3
"4632",0
"4633",1
"4634",0
"4635",0
"4636",0
"4637",0
"4638",0
"4639",1
"4640",11
"4641",20
"4642",38
"4643",42
"4644",44
"4645",75
"4646",50
"4647",58
"4648",52
"4649",26
"4650",27
"4651",18
"4652",10
"4653",6
"4654",1
"4655",0
"4656",0
"4657",1
"4658",0
"4659",0
"4660",0
"4661",0
"4662",0
"4663",0
"4664",1
"4665",0
"4666",0
"4667",4
"4668",7
"4669",0
"4670",0
"4671",4
"4672",1
"4673",2
"4674",1
"4675",0
"4676",0
"4677",0
"4678",0
"4679",0
"4680",0
"4681",2
"4682",1
"4683",0
"4684",0
"4685",0
"4686",0
"4687",0
"4688",1
"4689",0
"4690",0
"4691",3
"4692",6
"4693",0
"4694",0
"4695",3
"4696",1
"4697",2
"4698",1
"4699",0
"4700",0
"4701",0
"4702",0
"4703",0
"4704",0
"4705",0
"4706",0
"4707",0
"4708",0
"4709",0
"4710",1
"4711",3
"4712",11
"4713",45
"4714",61
"4715",57
"4716",32
"4717",73
"4718",45
"4719",60
"4720",48
"4721",40
"4722",44
"4723",44
"4724",41
"4725",13
"4726",5
"4727",1
"4728",0
"4729",2
"4730",0
"4731",0
"4732",0
"4733",0
"4734",0
"4735",4
"4736",19
"4737",31
"4738",67
"4739",65
"4740",38
"4741",61
"4742",45
"4743",62
"4744",43
"4745",52
"4746",42
"4747",38
"4748",38
"4749",21
"4750",14
"4751",5
"4752",0
"4753",1
"4754",0
"4755",0
"4756",0
"4757",0
"4758",0
"4759",3
"4760",11
"4761",40
"4762",62
"4763",54
"4764",63
"4765",46
"4766",47
"4767",45
"4768",68
"4769",39
"4770",50
"4771",44
"4772",29
"4773",17
"4774",3
"4775",1
"4776",0
"4777",1
"4778",0
"4779",0
"4780",0
"4781",0
"4782",0
"4783",1
"4784",11
"4785",28
"4786",68
"4787",52
"4788",48
"4789",75
"4790",65
"4791",72
"4792",64
"4793",43
"4794",26
"4795",22
"4796",16
"4797",15
"4798",10
"4799",4
"4800",1
"4801",1
"4802",0
"4803",0
"4804",0
"4805",0
"4806",0
"4807",1
"4808",7
"4809",24
"4810",48
"4811",42
"4812",42
"4813",75
"4814",48
"4815",55
"4816",48
"4817",25
"4818",30
"4819",27
"4820",8
"4821",6
"4822",1
"4823",0
"4824",0
"4825",1
"4826",0
"4827",0
"4828",0
"4829",0
"4830",0
"4831",0
"4832",0
"4833",0
"4834",0
"4835",4
"4836",7
"4837",0
"4838",0
"4839",3
"4840",1
"4841",3
"4842",1
"4843",0
"4844",0
"4845",0
"4846",0
"4847",0
"4848",1
"4849",3
"4850",1
"4851",0
"4852",0
"4853",0
"4854",0
"4855",1
"4856",1
"4857",0
"4858",0
"4859",2
"4860",5
"4861",0
"4862",0
"4863",3
"4864",1
"4865",3
"4866",1
"4867",0
"4868",0
"4869",0
"4870",0
"4871",0
"4872",0
"4873",0
"4874",0
"4875",0
"4876",0
"4877",1
"4878",1
"4879",5
"4880",18
"4881",64
"4882",90
"4883",94
"4884",59
"4885",84
"4886",88
"4887",84
"4888",91
"4889",60
"4890",56
"4891",60
"4892",52
"4893",24
"4894",6
"4895",2
"4896",0
"4897",2
"4898",0
"4899",0
"4900",0
"4901",0
"4902",0
"4903",6
"4904",25
"4905",57
"4906",90
"4907",101
"4908",52
"4909",90
"4910",83
"4911",78
"4912",73
"4913",72
"4914",58
"4915",59
"4916",50
"4917",35
"4918",21
"4919",8
"4920",1
"4921",2
"4922",0
"4923",0
"4924",0
"4925",0
"4926",0
"4927",4
"4928",15
"4929",55
"4930",77
"4931",81
"4932",94
"4933",75
"4934",73
"4935",74
"4936",83
"4937",71
"4938",66
"4939",62
"4940",45
"4941",21
"4942",6
"4943",2
"4944",0
"4945",2
"4946",1
"4947",0
"4948",0
"4949",0
"4950",0
"4951",2
"4952",13
"4953",42
"4954",84
"4955",86
"4956",56
"4957",87
"4958",75
"4959",94
"4960",80
"4961",66
"4962",42
"4963",34
"4964",30
"4965",28
"4966",15
"4967",5
"4968",1
"4969",2
"4970",0
"4971",0
"4972",0
"4973",0
"4974",0
"4975",2
"4976",13
"4977",35
"4978",71
"4979",67
"4980",56
"4981",87
"4982",90
"4983",84
"4984",58
"4985",39
"4986",39
"4987",35
"4988",15
"4989",8
"4990",1
"4991",0
"4992",0
"4993",2
"4994",0
"4995",0
"4996",0
"4997",0
"4998",0
"4999",0
"5000",1
"5001",0
"5002",0
"5003",5
"5004",9
"5005",0
"5006",0
"5007",4
"5008",1
"5009",4
"5010",2
"5011",1
"5012",0
"5013",0
"5014",0
"5015",0
"5016",1
"5017",4
"5018",2
"5019",1
"5020",0
"5021",0
"5022",0
"5023",1
"5024",1
"5025",0
"5026",0
"5027",4
"5028",8
"5029",0
"5030",0
"5031",5
"5032",2
"5033",4
"5034",2
"5035",1
"5036",0
"5037",0
"5038",0
"5039",0
"5040",1
"5041",0
"5042",0
"5043",0
"5044",0
"5045",1
"5046",1
"5047",4
"5048",18
"5049",63
"5050",90
"5051",84
"5052",56
"5053",87
"5054",79
"5055",82
"5056",90
"5057",63
"5058",61
"5059",57
"5060",57
"5061",23
"5062",6
"5063",2
"5064",0
"5065",2
"5066",0
"5067",0
"5068",0
"5069",0
"5070",0
"5071",6
"5072",22
"5073",60
"5074",98
"5075",108
"5076",47
"5077",93
"5078",83
"5079",78
"5080",68
"5081",68
"5082",59
"5083",52
"5084",48
"5085",39
"5086",22
"5087",8
"5088",1
"5089",1
"5090",0
"5091",0
"5092",0
"5093",0
"5094",0
"5095",4
"5096",14
"5097",53
"5098",79
"5099",83
"5100",88
"5101",77
"5102",74
"5103",85
"5104",85
"5105",68
"5106",68
"5107",61
"5108",48
"5109",22
"5110",6
"5111",2
"5112",0
"5113",2
"5114",1
"5115",0
"5116",0
"5117",0
"5118",0
"5119",2
"5120",12
"5121",40
"5122",79
"5123",95
"5124",59
"5125",87
"5126",81
"5127",87
"5128",84
"5129",69
"5130",41
"5131",34
"5132",32
"5133",24
"5134",15
"5135",5
"5136",1
"5137",2
"5138",0
"5139",0
"5140",0
"5141",0
"5142",0
"5143",2
"5144",14
"5145",39
"5146",70
"5147",69
"5148",51
"5149",96
"5150",86
"5151",85
"5152",59
"5153",38
"5154",38
"5155",33
"5156",14
"5157",8
"5158",1
"5159",0
"5160",0
"5161",2
"5162",0
"5163",0
"5164",0
"5165",0
"5166",0
"5167",0
"5168",1
"5169",0
"5170",0
"5171",5
"5172",9
"5173",0
"5174",0
"5175",4
"5176",1
"5177",4
"5178",2
"5179",1
"5180",0
"5181",0
"5182",0
"5183",0
"5184",1
"5185",4
"5186",2
"5187",1
"5188",0
"5189",0
"5190",0
"5191",1
"5192",1
"5193",0
"5194",0
"5195",4
"5196",8
"5197",0
"5198",0
"5199",5
"5200",2
"5201",4
"5202",2
"5203",1
"5204",0
"5205",0
"5206",0
"5207",0
"5208",1
"5209",0
"5210",0
"5211",0
"5212",0
"5213",1
"5214",1
"5215",4
"5216",15
"5217",56
"5218",88
"5219",83
"5220",54
"5221",81
"5222",77
"5223",73
"5224",89
"5225",58
"5226",55
"5227",62
"5228",56
"5229",25
"5230",6
"5231",2
"5232",0
"5233",2
"5234",0
"5235",0
"5236",0
"5237",0
"5238",0
"5239",6
"5240",24
"5241",54
"5242",99
"5243",106
"5244",49
"5245",90
"5246",85
"5247",77
"5248",77
"5249",67
"5250",59
"5251",54
"5252",48
"5253",38
"5254",20
"5255",8
"5256",1
"5257",2
"5258",0
"5259",0
"5260",0
"5261",0
"5262",0
"5263",4
"5264",14
"5265",56
"5266",85
"5267",82
"5268",89
"5269",80
"5270",71
"5271",79
"5272",89
"5273",66
"5274",64
"5275",61
"5276",51
"5277",24
"5278",7
"5279",2
"5280",0
"5281",2
"5282",1
"5283",0
"5284",0
"5285",0
"5286",0
"5287",2
"5288",14
"5289",40
"5290",82
"5291",92
"5292",61
"5293",91
"5294",78
"5295",93
"5296",86
"5297",70
"5298",48
"5299",33
"5300",28
"5301",26
"5302",15
"5303",5
"5304",1
"5305",2
"5306",0
"5307",0
"5308",0
"5309",0
"5310",0
"5311",2
"5312",13
"5313",40
"5314",65
"5315",68
"5316",52
"5317",89
"5318",84
"5319",89
"5320",66
"5321",38
"5322",36
"5323",30
"5324",15
"5325",7
"5326",2
"5327",0
"5328",0
"5329",2
"5330",0
"5331",0
"5332",0
"5333",0
"5334",0
"5335",0
"5336",1
"5337",0
"5338",0
"5339",5
"5340",9
"5341",0
"5342",0
"5343",5
"5344",1
"5345",4
"5346",2
"5347",1
"5348",0
"5349",0
"5350",0
"5351",0
"5352",1
"5353",3
"5354",2
"5355",1
"5356",0
"5357",0
"5358",0
"5359",1
"5360",1
"5361",0
"5362",0
"5363",4
"5364",8
"5365",0
"5366",0
"5367",5
"5368",1
"5369",4
"5370",2
"5371",1
"5372",0
"5373",0
"5374",0
"5375",0
"5376",1
"5377",0
"5378",0
"5379",0
"5380",0
"5381",0
"5382",1
"5383",4
"5384",15
"5385",57
"5386",82
"5387",87
"5388",57
"5389",86
"5390",87
"5391",79
"5392",90
"5393",60
"5394",55
"5395",58
"5396",49
"5397",25
"5398",6
"5399",2
"5400",0
"5401",2
"5402",0
"5403",0
"5404",0
"5405",0
"5406",0
"5407",6
"5408",22
"5409",55
"5410",89
"5411",100
"5412",50
"5413",103
"5414",87
"5415",73
"5416",76
"5417",70
"5418",53
"5419",54
"5420",46
"5421",40
"5422",21
"5423",8
"5424",1
"5425",2
"5426",0
"5427",0
"5428",0
"5429",0
"5430",0
"5431",5
"5432",14
"5433",54
"5434",80
"5435",81
"5436",89
"5437",75
"5438",71
"5439",85
"5440",83
"5441",71
"5442",61
"5443",61
"5444",48
"5445",22
"5446",6
"5447",2
"5448",0
"5449",2
"5450",1
"5451",0
"5452",0
"5453",0
"5454",0
"5455",2
"5456",13
"5457",43
"5458",78
"5459",86
"5460",55
"5461",91
"5462",74
"5463",83
"5464",78
"5465",64
"5466",41
"5467",31
"5468",30
"5469",25
"5470",14
"5471",5
"5472",1
"5473",2
"5474",0
"5475",0
"5476",0
"5477",0
"5478",0
"5479",2
"5480",12
"5481",39
"5482",71
"5483",71
"5484",57
"5485",92
"5486",82
"5487",80
"5488",67
"5489",40
"5490",40
"5491",31
"5492",15
"5493",8
"5494",2
"5495",0
"5496",0
"5497",2
"5498",0
"5499",0
"5500",0
"5501",0
"5502",0
"5503",0
"5504",1
"5505",0
"5506",0
"5507",5
"5508",10
"5509",0
"5510",0
"5511",4
"5512",1
"5513",4
"5514",2
"5515",1
"5516",0
"5517",0
"5518",0
"5519",0
"5520",1
"5521",4
"5522",2
"5523",1
"5524",0
"5525",0
"5526",0
"5527",1
"5528",1
"5529",0
"5530",0
"5531",4
"5532",8
"5533",0
"5534",0
"5535",5
"5536",2
"5537",4
"5538",2
"5539",1
"5540",0
"5541",0
"5542",0
"5543",0
"5544",1
"5545",0
"5546",0
"5547",0
"5548",0
"5549",1
"5550",3
"5551",8
"5552",29
"5553",107
"5554",118
"5555",152
"5556",89
"5557",150
"5558",135
"5559",118
"5560",133
"5561",102
"5562",85
"5563",94
"5564",82
"5565",31
"5566",10
"5567",3
"5568",0
"5569",4
"5570",0
"5571",0
"5572",0
"5573",0
"5574",0
"5575",11
"5576",39
"5577",84
"5578",165
"5579",157
"5580",82
"5581",140
"5582",111
"5583",104
"5584",102
"5585",114
"5586",75
"5587",75
"5588",83
"5589",53
"5590",37
"5591",13
"5592",2
"5593",3
"5594",0
"5595",0
"5596",0
"5597",0
"5598",0
"5599",8
"5600",24
"5601",95
"5602",123
"5603",143
"5604",148
"5605",110
"5606",126
"5607",140
"5608",129
"5609",93
"5610",86
"5611",95
"5612",68
"5613",35
"5614",10
"5615",3
"5616",0
"5617",4
"5618",1
"5619",0
"5620",0
"5621",0
"5622",0
"5623",3
"5624",22
"5625",66
"5626",144
"5627",120
"5628",97
"5629",155
"5630",114
"5631",134
"5632",107
"5633",101
"5634",73
"5635",42
"5636",40
"5637",38
"5638",19
"5639",8
"5640",2
"5641",3
"5642",0
"5643",0
"5644",0
"5645",0
"5646",0
"5647",4
"5648",22
"5649",65
"5650",101
"5651",114
"5652",72
"5653",148
"5654",117
"5655",127
"5656",107
"5657",63
"5658",58
"5659",58
"5660",20
"5661",13
"5662",2
"5663",0
"5664",0
"5665",3
"5666",0
"5667",0
"5668",0
"5669",0
"5670",0
"5671",1
"5672",2
"5673",0
"5674",0
"5675",9
"5676",13
"5677",0
"5678",0
"5679",7
"5680",2
"5681",7
"5682",3
"5683",2
"5684",0
"5685",0
"5686",0
"5687",0
"5688",2
"5689",6
"5690",3
"5691",1
"5692",1
"5693",0
"5694",0
"5695",2
"5696",2
"5697",0
"5698",0
"5699",5
"5700",13
"5701",0
"5702",0
"5703",7
"5704",3
"5705",6
"5706",3
"5707",2
"5708",0
"5709",0
"5710",0
"5711",0
"5712",1
"5713",0
"5714",0
"5715",0
"5716",0
"5717",1
"5718",2
"5719",7
"5720",23
"5721",92
"5722",131
"5723",123
"5724",84
"5725",126
"5726",111
"5727",136
"5728",137
"5729",97
"5730",81
"5731",86
"5732",94
"5733",38
"5734",10
"5735",3
"5736",0
"5737",4
"5738",0
"5739",0
"5740",0
"5741",0
"5742",0
"5743",9
"5744",39
"5745",82
"5746",124
"5747",152
"5748",73
"5749",126
"5750",131
"5751",132
"5752",116
"5753",121
"5754",82
"5755",94
"5756",82
"5757",56
"5758",35
"5759",15
"5760",2
"5761",2
"5762",0
"5763",0
"5764",0
"5765",0
"5766",0
"5767",8
"5768",26
"5769",89
"5770",110
"5771",117
"5772",149
"5773",131
"5774",114
"5775",130
"5776",130
"5777",94
"5778",91
"5779",97
"5780",85
"5781",39
"5782",10
"5783",3
"5784",0
"5785",4
"5786",1
"5787",0
"5788",0
"5789",0
"5790",0
"5791",4
"5792",17
"5793",70
"5794",135
"5795",135
"5796",78
"5797",129
"5798",116
"5799",127
"5800",111
"5801",89
"5802",66
"5803",52
"5804",41
"5805",43
"5806",26
"5807",9
"5808",2
"5809",3
"5810",0
"5811",0
"5812",0
"5813",0
"5814",0
"5815",4
"5816",21
"5817",59
"5818",103
"5819",102
"5820",93
"5821",142
"5822",155
"5823",114
"5824",107
"5825",65
"5826",55
"5827",53
"5828",24
"5829",13
"5830",2
"5831",0
"5832",0
"5833",3
"5834",0
"5835",0
"5836",0
"5837",0
"5838",0
"5839",1
"5840",2
"5841",0
"5842",0
"5843",9
"5844",12
"5845",0
"5846",0
"5847",6
"5848",3
"5849",7
"5850",3
"5851",1
"5852",0
"5853",0
"5854",0
"5855",0
"5856",1
"5857",6
"5858",3
"5859",1
"5860",0
"5861",0
"5862",0
"5863",2
"5864",2
"5865",0
"5866",0
"5867",6
"5868",13
"5869",0
"5870",0
"5871",8
"5872",2
"5873",6
"5874",3
"5875",1
"5876",0
"5877",0
"5878",0
"5879",0
"5880",2
"5881",0
"5882",0
"5883",0
"5884",0
"5885",1
"5886",3
"5887",8
"5888",26
"5889",105
"5890",110
"5891",135
"5892",81
"5893",117
"5894",124
"5895",131
"5896",117
"5897",109
"5898",86
"5899",85
"5900",92
"5901",41
"5902",10
"5903",4
"5904",0
"5905",4
"5906",0
"5907",0
"5908",0
"5909",0
"5910",0
"5911",9
"5912",33
"5913",101
"5914",150
"5915",179
"5916",84
"5917",164
"5918",123
"5919",135
"5920",123
"5921",122
"5922",80
"5923",87
"5924",77
"5925",56
"5926",35
"5927",11
"5928",2
"5929",3
"5930",0
"5931",0
"5932",0
"5933",0
"5934",0
"5935",8
"5936",24
"5937",83
"5938",107
"5939",136
"5940",157
"5941",110
"5942",112
"5943",121
"5944",130
"5945",102
"5946",111
"5947",88
"5948",69
"5949",31
"5950",10
"5951",3
"5952",0
"5953",4
"5954",2
"5955",0
"5956",0
"5957",0
"5958",0
"5959",4
"5960",17
"5961",73
"5962",109
"5963",149
"5964",87
"5965",145
"5966",109
"5967",135
"5968",120
"5969",113
"5970",79
"5971",53
"5972",40
"5973",46
"5974",24
"5975",7
"5976",2
"5977",3
"5978",0
"5979",0
"5980",0
"5981",0
"5982",0
"5983",3
"5984",20
"5985",54
"5986",108
"5987",98
"5988",81
"5989",130
"5990",154
"5991",115
"5992",87
"5993",59
"5994",56
"5995",57
"5996",23
"5997",12
"5998",2
"5999",0
"6000",0
"6001",3
"6002",0
"6003",0
"6004",0
"6005",0
"6006",0
"6007",1
"6008",2
"6009",0
"6010",0
"6011",9
"6012",12
"6013",0
"6014",0
"6015",6
"6016",2
"6017",7
"6018",2
"6019",1
"6020",0
"6021",0
"6022",0
"6023",0
"6024",2
"6025",5
"6026",3
"6027",1
"6028",0
"6029",0
"6030",0
"6031",1
"6032",2
"6033",0
"6034",0
"6035",6
"6036",14
"6037",0
"6038",0
"6039",8
"6040",3
"6041",7
"6042",3
"6043",1
"6044",0
"6045",0
"6046",0
"6047",0
"6048",2
"6049",0
"6050",0
"6051",0
"6052",0
"6053",1
"6054",2
"6055",8
"6056",25
"6057",106
"6058",134
"6059",149
"6060",81
"6061",150
"6062",148
"6063",138
"6064",119
"6065",104
"6066",88
"6067",101
"6068",73
"6069",33
"6070",12
"6071",3
"6072",0
"6073",4
"6074",0
"6075",0
"6076",0
"6077",0
"6078",0
"6079",11
"6080",42
"6081",79
"6082",165
"6083",175
"6084",82
"6085",163
"6086",114
"6087",117
"6088",113
"6089",115
"6090",84
"6091",93
"6092",67
"6093",53
"6094",31
"6095",14
"6096",1
"6097",3
"6098",0
"6099",0
"6100",0
"6101",0
"6102",0
"6103",7
"6104",26
"6105",95
"6106",126
"6107",116
"6108",134
"6109",109
"6110",125
"6111",138
"6112",145
"6113",106
"6114",108
"6115",107
"6116",85
"6117",30
"6118",11
"6119",3
"6120",0
"6121",3
"6122",2
"6123",0
"6124",0
"6125",0
"6126",0
"6127",4
"6128",23
"6129",76
"6130",135
"6131",154
"6132",78
"6133",136
"6134",119
"6135",139
"6136",109
"6137",91
"6138",75
"6139",55
"6140",41
"6141",43
"6142",21
"6143",7
"6144",2
"6145",3
"6146",0
"6147",0
"6148",0
"6149",0
"6150",0
"6151",3
"6152",22
"6153",60
"6154",97
"6155",104
"6156",76
"6157",123
"6158",145
"6159",112
"6160",110
"6161",52
"6162",66
"6163",56
"6164",23
"6165",11
"6166",3
"6167",0
"6168",0
"6169",3
"6170",0
"6171",0
"6172",0
"6173",0
"6174",0
"6175",1
"6176",2
"6177",0
"6178",0
"6179",8
"6180",13
"6181",0
"6182",0
"6183",7
"6184",2
"6185",7
"6186",3
"6187",1
"6188",0
"6189",0
"6190",0
"6191",0
"6192",2
"6193",6
"6194",3
"6195",1
"6196",1
"6197",0
"6198",0
"6199",2
"6200",2
"6201",0
"6202",0
"6203",6
"6204",14
"6205",0
"6206",0
"6207",7
"6208",2
"6209",7
"6210",3
"6211",2
"6212",0
"6213",0
"6214",0
"6215",0
"6216",2
"6217",0
"6218",0
"6219",0
"6220",0
"6221",1
"6222",2
"6223",7
"6224",26
"6225",99
"6226",143
"6227",125
"6228",92
"6229",119
"6230",123
"6231",122
"6232",115
"6233",82
"6234",86
"6235",86
"6236",72
"6237",40
"6238",10
"6239",4
"6240",0
"6241",5
"6242",0
"6243",0
"6244",0
"6245",0
"6246",0
"6247",10
"6248",40
"6249",89
"6250",139
"6251",157
"6252",86
"6253",149
"6254",118
"6255",109
"6256",104
"6257",96
"6258",101
"6259",99
"6260",71
"6261",58
"6262",37
"6263",13
"6264",1
"6265",2
"6266",0
"6267",0
"6268",0
"6269",0
"6270",0
"6271",6
"6272",24
"6273",73
"6274",137
"6275",139
"6276",142
"6277",122
"6278",106
"6279",129
"6280",119
"6281",113
"6282",90
"6283",95
"6284",83
"6285",39
"6286",11
"6287",3
"6288",0
"6289",3
"6290",1
"6291",0
"6292",0
"6293",0
"6294",0
"6295",4
"6296",20
"6297",58
"6298",131
"6299",145
"6300",92
"6301",159
"6302",115
"6303",146
"6304",123
"6305",115
"6306",75
"6307",56
"6308",44
"6309",40
"6310",24
"6311",8
"6312",2
"6313",3
"6314",0
"6315",0
"6316",0
"6317",0
"6318",0
"6319",3
"6320",23
"6321",50
"6322",101
"6323",120
"6324",77
"6325",156
"6326",128
"6327",110
"6328",92
"6329",57
"6330",55
"6331",53
"6332",23
"6333",13
"6334",3
"6335",0
"6336",0
"6337",3
"6338",0
"6339",0
"6340",0
"6341",0
"6342",0
"6343",1
"6344",2
"6345",0
"6346",0
"6347",9
"6348",12
"6349",0
"6350",0
"6351",6
"6352",2
"6353",6
"6354",3
"6355",1
"6356",0
"6357",0
"6358",0
"6359",0
"6360",2
"6361",5
"6362",3
"6363",1
"6364",1
"6365",0
"6366",0
"6367",2
"6368",2
"6369",0
"6370",0
"6371",5
"6372",13
"6373",0
"6374",0
"6375",8
"6376",3
"6377",6
"6378",3
"6379",1
"6380",0
"6381",0
"6382",0
"6383",0
"6384",2
"6385",0
"6386",0
"6387",0
"6388",0
"6389",1
"6390",2
"6391",7
"6392",22
"6393",101
"6394",124
"6395",128
"6396",81
"6397",127
"6398",125
"6399",112
"6400",140
"6401",84
"6402",79
"6403",80
"6404",91
"6405",37
"6406",10
"6407",3
"6408",0
"6409",5
"6410",0
"6411",0
"6412",0
"6413",0
"6414",0
"6415",10
"6416",33
"6417",100
"6418",162
"6419",148
"6420",67
"6421",166
"6422",119
"6423",111
"6424",106
"6425",118
"6426",83
"6427",75
"6428",82
"6429",57
"6430",36
"6431",14
"6432",1
"6433",3
"6434",0
"6435",0
"6436",0
"6437",0
"6438",0
"6439",7
"6440",26
"6441",81
"6442",118
"6443",126
"6444",143
"6445",115
"6446",106
"6447",124
"6448",125
"6449",103
"6450",97
"6451",103
"6452",85
"6453",33
"6454",10
"6455",3
"6456",0
"6457",4
"6458",2
"6459",0
"6460",0
"6461",0
"6462",0
"6463",4
"6464",20
"6465",68
"6466",112
"6467",131
"6468",100
"6469",144
"6470",122
"6471",127
"6472",126
"6473",118
"6474",66
"6475",43
"6476",42
"6477",36
"6478",20
"6479",7
"6480",2
"6481",2
"6482",0
"6483",0
"6484",0
"6485",0
"6486",0
"6487",3
"6488",22
"6489",59
"6490",104
"6491",119
"6492",86
"6493",119
"6494",124
"6495",140
"6496",108
"6497",63
"6498",53
"6499",43
"6500",22
"6501",12
"6502",3
"6503",0
"6504",0
"6505",2
"6506",0
"6507",0
"6508",0
"6509",0
"6510",0
"6511",1
"6512",2
"6513",0
"6514",0
"6515",8
"6516",15
"6517",0
"6518",0
"6519",6
"6520",2
"6521",7
"6522",3
"6523",1
"6524",0
"6525",0
"6526",0
"6527",0
"6528",2
"6529",6
"6530",3
"6531",1
"6532",0
"6533",0
"6534",0
"6535",2
"6536",3
"6537",0
"6538",0
"6539",6
"6540",14
"6541",0
"6542",0
"6543",7
"6544",2
"6545",7
"6546",3
"6547",1
"6548",0
"6549",0
"6550",0
"6551",0
"6552",1
"6553",0
"6554",0
"6555",0
"6556",0
"6557",1
"6558",2
"6559",7
"6560",29
"6561",82
"6562",130
"6563",151
"6564",90
"6565",143
"6566",131
"6567",111
"6568",149
"6569",103
"6570",92
"6571",82
"6572",89
"6573",33
"6574",9
"6575",4
"6576",0
"6577",4
"6578",0
"6579",0
"6580",0
"6581",0
"6582",0
"6583",10
"6584",41
"6585",80
"6586",138
"6587",175
"6588",78
"6589",140
"6590",134
"6591",112
"6592",102
"6593",96
"6594",100
"6595",89
"6596",79
"6597",65
"6598",36
"6599",12
"6600",2
"6601",3
"6602",0
"6603",0
"6604",0
"6605",0
"6606",0
"6607",8
"6608",20
"6609",87
"6610",128
"6611",136
"6612",157
"6613",116
"6614",119
"6615",134
"6616",124
"6617",113
"6618",104
"6619",96
"6620",64
"6621",33
"6622",9
"6623",3
"6624",0
"6625",4
"6626",2
"6627",0
"6628",0
"6629",0
"6630",0
"6631",4
"6632",22
"6633",58
"6634",128
"6635",156
"6636",101
"6637",141
"6638",136
"6639",138
"6640",106
"6641",107
"6642",79
"6643",47
"6644",45
"6645",45
"6646",23
"6647",9
"6648",2
"6649",3
"6650",0
"6651",0
"6652",0
"6653",0
"6654",0
"6655",4
"6656",23
"6657",53
"6658",94
"6659",108
"6660",81
"6661",125
"6662",126
"6663",133
"6664",84
"6665",65
"6666",50
"6667",58
"6668",21
"6669",12
"6670",3
"6671",0
"6672",0
"6673",3
"6674",0
"6675",0
"6676",0
"6677",0
"6678",0
"6679",1
"6680",2
"6681",0
"6682",0
"6683",7
"6684",14
"6685",0
"6686",0
"6687",8
"6688",2
"6689",6
"6690",3
"6691",1
"6692",0
"6693",0
"6694",0
"6695",0
"6696",2
"6697",6
"6698",3
"6699",1
"6700",0
"6701",0
"6702",0
"6703",2
"6704",3
"6705",0
"6706",0
"6707",7
"6708",11
"6709",0
"6710",0
"6711",7
"6712",2
"6713",6
"6714",3
"6715",2
"6716",0
"6717",0
"6718",0
"6719",0
"6720",2
"6721",0
"6722",0
"6723",0
"6724",0
"6725",1
"6726",3
"6727",6
"6728",22
"6729",89
"6730",127
"6731",155
"6732",101
"6733",135
"6734",130
"6735",130
"6736",139
"6737",93
"6738",81
"6739",105
"6740",82
"6741",35
"6742",9
"6743",3
"6744",0
"6745",5
"6746",0
"6747",0
"6748",0
"6749",0
"6750",0
"6751",8
"6752",35
"6753",94
"6754",150
"6755",177
"6756",67
"6757",165
"6758",107
"6759",125
"6760",115
"6761",102
"6762",99
"6763",83
"6764",67
"6765",59
"6766",30
"6767",12
"6768",1
"6769",3
"6770",0
"6771",0
"6772",0
"6773",0
"6774",0
"6775",6
"6776",20
"6777",95
"6778",131
"6779",136
"6780",138
"6781",124
"6782",100
"6783",126
"6784",130
"6785",106
"6786",108
"6787",103
"6788",67
"6789",31
"6790",11
"6791",3
"6792",0
"6793",4
"6794",2
"6795",0
"6796",0
"6797",0
"6798",0
"6799",4
"6800",18
"6801",74
"6802",128
"6803",143
"6804",101
"6805",132
"6806",139
"6807",151
"6808",139
"6809",109
"6810",64
"6811",44
"6812",51
"6813",37
"6814",21
"6815",7
"6816",2
"6817",3
"6818",0
"6819",0
"6820",0
"6821",0
"6822",0
"6823",3
"6824",21
"6825",57
"6826",102
"6827",104
"6828",77
"6829",144
"6830",154
"6831",137
"6832",109
"6833",57
"6834",59
"6835",53
"6836",23
"6837",14
"6838",2
"6839",0
"6840",0
"6841",3
"6842",0
"6843",0
"6844",0
"6845",0
"6846",0
"6847",1
"6848",2
"6849",0
"6850",0
"6851",9
"6852",15
"6853",0
"6854",0
"6855",8
"6856",3
"6857",6
"6858",3
"6859",2
"6860",0
"6861",0
"6862",0
"6863",0
"6864",1
"6865",6
"6866",3
"6867",1
"6868",0
"6869",0
"6870",0
"6871",2
"6872",3
"6873",0
"6874",0
"6875",7
"6876",11
"6877",0
"6878",0
"6879",6
"6880",2
"6881",7
"6882",3
"6883",2
"6884",0
"6885",0
"6886",0
"6887",0
"6888",2
"6889",0
"6890",0
"6891",0
"6892",0
"6893",1
"6894",2
"6895",7
"6896",28
"6897",89
"6898",142
"6899",116
"6900",88
"6901",132
"6902",145
"6903",117
"6904",126
"6905",90
"6906",97
"6907",83
"6908",90
"6909",34
"6910",12
"6911",4
"6912",0
"6913",4
"6914",0
"6915",0
"6916",0
"6917",0
"6918",0
"6919",9
"6920",39
"6921",81
"6922",136
"6923",140
"6924",66
"6925",144
"6926",133
"6927",119
"6928",124
"6929",114
"6930",98
"6931",79
"6932",78
"6933",63
"6934",39
"6935",14
"6936",2
"6937",3
"6938",0
"6939",0
"6940",0
"6941",0
"6942",0
"6943",6
"6944",25
"6945",86
"6946",108
"6947",143
"6948",150
"6949",117
"6950",106
"6951",123
"6952",137
"6953",98
"6954",101
"6955",105
"6956",71
"6957",32
"6958",9
"6959",3
"6960",0
"6961",4
"6962",2
"6963",0
"6964",0
"6965",0
"6966",0
"6967",3
"6968",21
"6969",63
"6970",137
"6971",133
"6972",85
"6973",153
"6974",113
"6975",148
"6976",116
"6977",116
"6978",68
"6979",44
"6980",41
"6981",35
"6982",24
"6983",9
"6984",2
"6985",3
"6986",0
"6987",0
"6988",0
"6989",0
"6990",0
"6991",3
"6992",22
"6993",61
"6994",110
"6995",95
"6996",78
"6997",148
"6998",136
"6999",120
"7000",86
"7001",63
"7002",61
"7003",57
"7004",21
"7005",12
"7006",3
"7007",0
"7008",0
"7009",3
"7010",0
"7011",0
"7012",0
"7013",0
"7014",0
"7015",1
"7016",2
"7017",0
"7018",0
"7019",7
"7020",13
"7021",0
"7022",0
"7023",8
"7024",2
"7025",6
"7026",3
"7027",1
"7028",0
"7029",0
"7030",0
"7031",0
"7032",1
"7033",5
"7034",3
"7035",1
"7036",0
"7037",0
"7038",0
"7039",2
"7040",2
"7041",0
"7042",0
"7043",6
"7044",11
"7045",0
"7046",0
"7047",8
"7048",3
"7049",7
"7050",3
"7051",1
"7052",0
"7053",0
"7054",0
"7055",0
"7056",2
"7057",0
"7058",0
"7059",0
"7060",0
"7061",1
"7062",2
"7063",8
"7064",26
"7065",97
"7066",127
"7067",140
"7068",100
"7069",138
"7070",116
"7071",121
"7072",122
"7073",93
"7074",101
"7075",106
"7076",72
"7077",40
"7078",11
"7079",3
"7080",0
"7081",4
"7082",0
"7083",0
"7084",0
"7085",0
"7086",0
"7087",11
"7088",39
"7089",90
"7090",123
"7091",174
"7092",67
"7093",158
"7094",123
"7095",136
"7096",99
"7097",98
"7098",100
"7099",96
"7100",85
"7101",64
"7102",30
"7103",14
"7104",1
"7105",3
"7106",0
"7107",0
"7108",0
"7109",0
"7110",0
"7111",8
"7112",22
"7113",79
"7114",137
"7115",126
"7116",162
"7117",121
"7118",100
"7119",114
"7120",157
"7121",120
"7122",106
"7123",82
"7124",81
"7125",40
"7126",9
"7127",3
"7128",0
"7129",3
"7130",1
"7131",0
"7132",0
"7133",0
"7134",0
"7135",4
"7136",17
"7137",72
"7138",129
"7139",153
"7140",104
"7141",124
"7142",139
"7143",122
"7144",121
"7145",106
"7146",74
"7147",48
"7148",45
"7149",42
"7150",24
"7151",9
"7152",2
"7153",3
"7154",0
"7155",0
"7156",0
"7157",0
"7158",0
"7159",3
"7160",20
"7161",50
"7162",94
"7163",113
"7164",81
"7165",123
"7166",153
"7167",141
"7168",90
"7169",59
"7170",50
"7171",52
"7172",25
"7173",14
"7174",2
"7175",0
"7176",0
"7177",3
"7178",0
"7179",0
"7180",0
"7181",0
"7182",0
"7183",1
"7184",2
"7185",0
"7186",0
"7187",9
"7188",16
"7189",0
"7190",0
"7191",7
"7192",2
"7193",6
"7194",3
"7195",1
"7196",0
"7197",0
"7198",0
"7199",0
"7200",2
"7201",6
"7202",3
"7203",1
"7204",0
"7205",0
"7206",0
"7207",2
"7208",2
"7209",0
"7210",0
"7211",6
"7212",11
"7213",0
"7214",0
"7215",8
"7216",3
"7217",7
"7218",3
"7219",1
"7220",0
"7221",0
"7222",0
"7223",0
"7224",2
"7225",0
"7226",0
"7227",0
"7228",0
"7229",1
"7230",3
"7231",6
"7232",25
"7233",81
"7234",132
"7235",143
"7236",101
"7237",116
"7238",111
"7239",117
"7240",119
"7241",87
"7242",94
"7243",103
"7244",88
"7245",32
"7246",11
"7247",3
"7248",0
"7249",4
"7250",0
"7251",0
"7252",0
"7253",0
"7254",0
"7255",10
"7256",33
"7257",85
"7258",138
"7259",179
"7260",86
"7261",140
"7262",130
"7263",108
"7264",127
"7265",115
"7266",99
"7267",82
"7268",79
"7269",64
"7270",39
"7271",15
"7272",2
"7273",3
"7274",0
"7275",0
"7276",0
"7277",0
"7278",0
"7279",6
"7280",22
"7281",89
"7282",110
"7283",142
"7284",139
"7285",114
"7286",116
"7287",134
"7288",153
"7289",118
"7290",92
"7291",90
"7292",65
"7293",36
"7294",11
"7295",3
"7296",0
"7297",4
"7298",1
"7299",0
"7300",0
"7301",0
"7302",0
"7303",4
"7304",19
"7305",59
"7306",122
"7307",125
"7308",77
"7309",161
"7310",127
"7311",127
"7312",127
"7313",103
"7314",72
"7315",47
"7316",52
"7317",38
"7318",23
"7319",9
"7320",2
"7321",3
"7322",0
"7323",0
"7324",0
"7325",0
"7326",0
"7327",3
"7328",22
"7329",66
"7330",113
"7331",99
"7332",89
"7333",121
"7334",138
"7335",139
"7336",89
"7337",50
"7338",61
"7339",43
"7340",19
"7341",14
"7342",3
"7343",0
"7344",0
"7345",3
"7346",0
"7347",0
"7348",0
"7349",0
"7350",0
"7351",1
"7352",2
"7353",0
"7354",0
"7355",7
"7356",12
"7357",0
"7358",0
"7359",6
"7360",3
"7361",6
"7362",3
"7363",1
"7364",0
"7365",0
"7366",0
"7367",0
"7368",2
"7369",6
"7370",3
"7371",1
"7372",0
"7373",0
"7374",0
"7375",2
"7376",3
"7377",0
"7378",0
"7379",6
"7380",14
"7381",0
"7382",0
"7383",6
"7384",3
"7385",6
"7386",3
"7387",1
"7388",0
"7389",0
"7390",0
"7391",0
"7392",1
"7393",0
"7394",0
"7395",0
"7396",0
"7397",1
"7398",3
"7399",7
"7400",22
"7401",96
"7402",114
"7403",128
"7404",85
"7405",136
"7406",128
"7407",128
"7408",142
"7409",110
"7410",84
"7411",88
"7412",93
"7413",41
"7414",12
"7415",3
"7416",0
"7417",4
"7418",0
"7419",0
"7420",0
"7421",0
"7422",0
"7423",9
"7424",31
"7425",78
"7426",135
"7427",145
"7428",66
"7429",127
"7430",119
"7431",140
"7432",123
"7433",110
"7434",84
"7435",76
"7436",86
"7437",58
"7438",39
"7439",15
"7440",2
"7441",3
"7442",0
"7443",0
"7444",0
"7445",0
"7446",0
"7447",7
"7448",21
"7449",94
"7450",136
"7451",128
"7452",154
"7453",133
"7454",122
"7455",121
"7456",128
"7457",98
"7458",100
"7459",95
"7460",65
"7461",35
"7462",9
"7463",3
"7464",0
"7465",3
"7466",1
"7467",0
"7468",0
"7469",0
"7470",0
"7471",3
"7472",21
"7473",69
"7474",145
"7475",142
"7476",92
"7477",131
"7478",105
"7479",147
"7480",122
"7481",101
"7482",75
"7483",42
"7484",46
"7485",42
"7486",21
"7487",9
"7488",2
"7489",3
"7490",0
"7491",0
"7492",0
"7493",0
"7494",0
"7495",3
"7496",19
"7497",65
"7498",111
"7499",107
"7500",90
"7501",126
"7502",154
"7503",116
"7504",94
"7505",60
"7506",59
"7507",53
"7508",20
"7509",11
"7510",2
"7511",0
"7512",0
"7513",3
"7514",0
"7515",0
"7516",0
"7517",0
"7518",0
"7519",1
"7520",2
"7521",0
"7522",0
"7523",8
"7524",14
"7525",0
"7526",0
"7527",6
"7528",2
"7529",7
"7530",3
"7531",1
"7532",0
"7533",0
"7534",0
"7535",0
"7536",2
"7537",5
"7538",3
"7539",1
"7540",1
"7541",0
"7542",0
"7543",2
"7544",2
"7545",0
"7546",0
"7547",5
"7548",12
"7549",0
"7550",0
"7551",7
"7552",3
"7553",7
"7554",3
"7555",1
"7556",0
"7557",0
"7558",0
"7559",0
"7560",2
"7561",0
"7562",0
"7563",0
"7564",0
"7565",1
"7566",3
"7567",8
"7568",25
"7569",93
"7570",136
"7571",157
"7572",89
"7573",154
"7574",145
"7575",103
"7576",131
"7577",100
"7578",91
"7579",107
"7580",80
"7581",35
"7582",9
"7583",3
"7584",0
"7585",4
"7586",0
"7587",0
"7588",0
"7589",0
"7590",0
"7591",10
"7592",41
"7593",79
"7594",164
"7595",150
"7596",75
"7597",152
"7598",110
"7599",114
"7600",102
"7601",104
"7602",79
"7603",77
"7604",71
"7605",62
"7606",38
"7607",15
"7608",2
"7609",3
"7610",0
"7611",0
"7612",0
"7613",0
"7614",0
"7615",7
"7616",25
"7617",82
"7618",142
"7619",118
"7620",148
"7621",108
"7622",122
"7623",138
"7624",145
"7625",117
"7626",112
"7627",100
"7628",82
"7629",38
"7630",11
"7631",3
"7632",0
"7633",4
"7634",1
"7635",0
"7636",0
"7637",0
"7638",0
"7639",4
"7640",18
"7641",66
"7642",123
"7643",135
"7644",103
"7645",139
"7646",114
"7647",142
"7648",122
"7649",110
"7650",61
"7651",47
"7652",52
"7653",36
"7654",24
"7655",9
"7656",2
"7657",3
"7658",0
"7659",0
"7660",0
"7661",0
"7662",0
"7663",3
"7664",22
"7665",62
"7666",102
"7667",100
"7668",86
"7669",133
"7670",130
"7671",112
"7672",92
"7673",57
"7674",58
"7675",46
"7676",25
"7677",12
"7678",3
"7679",0
"7680",0
"7681",3
"7682",0
"7683",0
"7684",0
"7685",0
"7686",0
"7687",1
"7688",1
"7689",0
"7690",0
"7691",7
"7692",14
"7693",0
"7694",0
"7695",6
"7696",2
"7697",6
"7698",2
"7699",2
"7700",0
"7701",0
"7702",0
"7703",0
"7704",1
"7705",5
"7706",3
"7707",1
"7708",0
"7709",0
"7710",0
"7711",2
"7712",2
"7713",0
"7714",0
"7715",7
"7716",14
"7717",0
"7718",0
"7719",7
"7720",2
"7721",7
"7722",3
"7723",1
"7724",0
"7725",0
"7726",0
"7727",0
"7728",2
"7729",0
"7730",0
"7731",0
"7732",0
"7733",1
"7734",2
"7735",8
"7736",28
"7737",97
"7738",127
"7739",135
"7740",94
"7741",142
"7742",139
"7743",112
"7744",131
"7745",107
"7746",102
"7747",82
"7748",73
"7749",32
"7750",12
"7751",3
"7752",0
"7753",4
"7754",0
"7755",0
"7756",0
"7757",0
"7758",0
"7759",9
"7760",36
"7761",78
"7762",153
"7763",167
"7764",71
"7765",135
"7766",136
"7767",122
"7768",129
"7769",108
"7770",93
"7771",95
"7772",71
"7773",59
"7774",31
"7775",13
"7776",1
"7777",3
"7778",0
"7779",0
"7780",0
"7781",0
"7782",0
"7783",7
"7784",20
"7785",82
"7786",139
"7787",139
"7788",129
"7789",119
"7790",127
"7791",134
"7792",157
"7793",121
"7794",86
"7795",86
"7796",66
"7797",34
"7798",11
"7799",3
"7800",0
"7801",3
"7802",1
"7803",0
"7804",0
"7805",0
"7806",0
"7807",4
"7808",19
"7809",56
"7810",116
"7811",146
"7812",78
"7813",162
"7814",122
"7815",141
"7816",136
"7817",101
"7818",64
"7819",52
"7820",41
"7821",36
"7822",19
"7823",8
"7824",2
"7825",3
"7826",0
"7827",0
"7828",0
"7829",0
"7830",0
"7831",3
"7832",22
"7833",50
"7834",106
"7835",116
"7836",85
"7837",123
"7838",129
"7839",141
"7840",99
"7841",55
"7842",61
"7843",54
"7844",20
"7845",13
"7846",3
"7847",0
"7848",0
"7849",3
"7850",0
"7851",0
"7852",0
"7853",0
"7854",0
"7855",1
"7856",2
"7857",0
"7858",0
"7859",9
"7860",13
"7861",0
"7862",0
"7863",8
"7864",2
"7865",7
"7866",3
"7867",2
"7868",0
"7869",0
"7870",0
"7871",0
"7872",2
"7873",6
"7874",2
"7875",1
"7876",0
"7877",0
"7878",0
"7879",2
"7880",2
"7881",0
"7882",0
"7883",5
"7884",11
"7885",0
"7886",0
"7887",7
"7888",3
"7889",6
"7890",3
"7891",1
"7892",0
"7893",0
"7894",0
"7895",0
"7896",2
"7897",0
"7898",0
"7899",0
"7900",0
"7901",1
"7902",2
"7903",8
"7904",29
"7905",83
"7906",133
"7907",125
"7908",89
"7909",143
"7910",135
"7911",105
"7912",147
"7913",85
"7914",80
"7915",87
"7916",81
"7917",36
"7918",10
"7919",4
"7920",0
"7921",5
"7922",0
"7923",0
"7924",0
"7925",0
"7926",0
"7927",9
"7928",41
"7929",80
"7930",157
"7931",171
"7932",69
"7933",155
"7934",116
"7935",123
"7936",117
"7937",92
"7938",84
"7939",97
"7940",76
"7941",61
"7942",35
"7943",13
"7944",1
"7945",3
"7946",0
"7947",0
"7948",0
"7949",0
"7950",0
"7951",8
"7952",19
"7953",95
"7954",125
"7955",125
"7956",140
"7957",102
"7958",125
"7959",133
"7960",131
"7961",101
"7962",86
"7963",95
"7964",78
"7965",30
"7966",9
"7967",3
"7968",0
"7969",3
"7970",1
"7971",0
"7972",0
"7973",0
"7974",0
"7975",3
"7976",22
"7977",71
"7978",118
"7979",136
"7980",100
"7981",143
"7982",134
"7983",120
"7984",114
"7985",97
"7986",61
"7987",47
"7988",42
"7989",45
"7990",20
"7991",8
"7992",2
"7993",3
"7994",0
"7995",0
"7996",0
"7997",0
"7998",0
"7999",3
"8000",18
"8001",53
"8002",104
"8003",102
"8004",81
"8005",140
"8006",123
"8007",134
"8008",97
"8009",61
"8010",54
"8011",57
"8012",23
"8013",12
"8014",3
"8015",0
"8016",0
"8017",3
"8018",0
"8019",0
"8020",0
"8021",0
"8022",0
"8023",1
"8024",2
"8025",0
"8026",0
"8027",9
"8028",15
"8029",0
"8030",0
"8031",7
"8032",2
"8033",7
"8034",3
"8035",1
"8036",0
"8037",0
"8038",0
"8039",0
"8040",2
"8041",5
"8042",3
"8043",1
"8044",0
"8045",0
"8046",0
"8047",2
"8048",2
"8049",0
"8050",0
"8051",6
"8052",12
"8053",0
"8054",0
"8055",7
"8056",3
"8057",7
"8058",3
"8059",1
"8060",0
"8061",0
"8062",0
"8063",0
"8064",1
"8065",0
"8066",0
"8067",0
"8068",0
"8069",1
"8070",2
"8071",6
"8072",24
"8073",105
"8074",121
"8075",123
"8076",98
"8077",145
"8078",112
"8079",119
"8080",131
"8081",84
"8082",88
"8083",101
"8084",83
"8085",37
"8086",11
"8087",4
"8088",0
"8089",5
"8090",0
"8091",0
"8092",0
"8093",0
"8094",0
"8095",9
"8096",34
"8097",88
"8098",160
"8099",152
"8100",74
"8101",153
"8102",108
"8103",127
"8104",113
"8105",117
"8106",94
"8107",89
"8108",64
"8109",51
"8110",33
"8111",11
"8112",2
"8113",3
"8114",0
"8115",0
"8116",0
"8117",0
"8118",0
"8119",6
"8120",23
"8121",81
"8122",142
"8123",131
"8124",128
"8125",113
"8126",108
"8127",106
"8128",136
"8129",119
"8130",102
"8131",100
"8132",72
"8133",37
"8134",9
"8135",3
"8136",0
"8137",4
"8138",1
"8139",0
"8140",0
"8141",0
"8142",0
"8143",3
"8144",22
"8145",67
"8146",123
"8147",128
"8148",103
"8149",158
"8150",135
"8151",120
"8152",129
"8153",97
"8154",79
"8155",44
"8156",52
"8157",36
"8158",23
"8159",9
"8160",2
"8161",2
"8162",0
"8163",0
"8164",0
"8165",0
"8166",0
"8167",3
"8168",19
"8169",53
"8170",114
"8171",92
"8172",87
"8173",127
"8174",152
"8175",117
"8176",106
"8177",57
"8178",50
"8179",57
"8180",20
"8181",12
"8182",2
"8183",0
"8184",0
"8185",3
"8186",0
"8187",0
"8188",0
"8189",0
"8190",0
"8191",1
"8192",2
"8193",0
"8194",0
"8195",9
"8196",14
"8197",0
"8198",0
"8199",7
"8200",2
"8201",7
"8202",3
"8203",1
"8204",0
"8205",0
"8206",0
"8207",0
"8208",1
"8209",5
"8210",2
"8211",1
"8212",0
"8213",0
"8214",0
"8215",2
"8216",2
"8217",0
"8218",0
"8219",7
"8220",14
"8221",0
"8222",0
"8223",9
"8224",3
"8225",7
"8226",3
"8227",1
"8228",0
"8229",0
"8230",0
"8231",0
"8232",1
"8233",0
"8234",0
"8235",0
"8236",0
"8237",1
"8238",2
"8239",8
"8240",30
"8241",87
"8242",142
"8243",120
"8244",85
"8245",150
"8246",112
"8247",130
"8248",150
"8249",110
"8250",95
"8251",106
"8252",81
"8253",34
"8254",10
"8255",3
"8256",0
"8257",4
"8258",0
"8259",0
"8260",0
"8261",0
"8262",0
"8263",8
"8264",41
"8265",84
"8266",143
"8267",164
"8268",77
"8269",142
"8270",124
"8271",106
"8272",109
"8273",104
"8274",88
"8275",79
"8276",73
"8277",63
"8278",33
"8279",11
"8280",1
"8281",2
"8282",0
"8283",0
"8284",0
"8285",0
"8286",0
"8287",8
"8288",20
"8289",74
"8290",117
"8291",136
"8292",158
"8293",110
"8294",117
"8295",134
"8296",135
"8297",120
"8298",105
"8299",84
"8300",84
"8301",33
"8302",11
"8303",3
"8304",0
"8305",4
"8306",1
"8307",0
"8308",0
"8309",0
"8310",0
"8311",4
"8312",23
"8313",74
"8314",123
"8315",129
"8316",97
"8317",134
"8318",109
"8319",116
"8320",139
"8321",119
"8322",76
"8323",56
"8324",44
"8325",42
"8326",23
"8327",9
"8328",2
"8329",3
"8330",0
"8331",0
"8332",0
"8333",0
"8334",0
"8335",4
"8336",21
"8337",54
"8338",118
"8339",94
"8340",80
"8341",123
"8342",138
"8343",113
"8344",101
"8345",62
"8346",60
"8347",57
"8348",25
"8349",12
"8350",3
"8351",0
"8352",0
"8353",3
"8354",0
"8355",0
"8356",0
"8357",0
"8358",0
"8359",1
"8360",2
"8361",0
"8362",0
"8363",7
"8364",15
"8365",0
"8366",0
"8367",6
"8368",2
"8369",6
"8370",3
"8371",1
"8372",0
"8373",0
"8374",0
"8375",0
"8376",1
"8377",7
"8378",3
"8379",1
"8380",0
"8381",0
"8382",0
"8383",2
"8384",2
"8385",0
"8386",0
"8387",7
"8388",13
"8389",0
"8390",0
"8391",8
"8392",3
"8393",6
"8394",2
"8395",1
"8396",0
"8397",0
"8398",0
"8399",0
"8400",2
"8401",0
"8402",0
"8403",0
"8404",0
"8405",1
"8406",2
"8407",8
"8408",27
"8409",89
"8410",120
"8411",151
"8412",82
"8413",129
"8414",133
"8415",112
"8416",140
"8417",93
"8418",103
"8419",98
"8420",93
"8421",39
"8422",10
"8423",3
"8424",0
"8425",4
"8426",0
"8427",0
"8428",0
"8429",0
"8430",0
"8431",11
"8432",36
"8433",88
"8434",139
"8435",147
"8436",77
"8437",151
"8438",143
"8439",140
"8440",106
"8441",107
"8442",87
"8443",80
"8444",81
"8445",64
"8446",38
"8447",14
"8448",1
"8449",3
"8450",0
"8451",0
"8452",0
"8453",0
"8454",0
"8455",6
"8456",23
"8457",75
"8458",133
"8459",137
"8460",152
"8461",119
"8462",103
"8463",129
"8464",129
"8465",123
"8466",115
"8467",98
"8468",71
"8469",32
"8470",9
"8471",3
"8472",0
"8473",4
"8474",1
"8475",0
"8476",0
"8477",0
"8478",0
"8479",4
"8480",23
"8481",70
"8482",139
"8483",141
"8484",101
"8485",138
"8486",136
"8487",124
"8488",140
"8489",112
"8490",61
"8491",56
"8492",49
"8493",41
"8494",21
"8495",8
"8496",2
"8497",2
"8498",0
"8499",0
"8500",0
"8501",0
"8502",0
"8503",3
"8504",19
"8505",65
"8506",118
"8507",107
"8508",78
"8509",142
"8510",155
"8511",143
"8512",85
"8513",64
"8514",52
"8515",44
"8516",24
"8517",14
"8518",3
"8519",0
"8520",0
"8521",3
"8522",0
"8523",0
"8524",0
"8525",0
"8526",0
"8527",1
"8528",2
"8529",0
"8530",0
"8531",8
"8532",16
"8533",0
"8534",0
"8535",6
"8536",2
"8537",6
"8538",3
"8539",1
"8540",0
"8541",0
"8542",0
"8543",0
"8544",1
"8545",6
"8546",3
"8547",1
"8548",0
"8549",0
"8550",0
"8551",2
"8552",2
"8553",0
"8554",0
"8555",6
"8556",11
"8557",0
"8558",0
"8559",7
"8560",3
"8561",7
"8562",3
"8563",1
"8564",0
"8565",0
"8566",0
"8567",0
"8568",2
"8569",0
"8570",0
"8571",0
"8572",0
"8573",0
"8574",0
"8575",0
"8576",1
"8577",5
"8578",5
"8579",5
"8580",4
"8581",4
"8582",4
"8583",5
"8584",5
"8585",5
"8586",5
"8587",5
"8588",4
"8589",1
"8590",0
"8591",0
"8592",0
"8593",0
"8594",0
"8595",0
"8596",0
"8597",0
"8598",0
"8599",0
"8600",1
"8601",4
"8602",5
"8603",8
"8604",2
"8605",6
"8606",5
"8607",6
"8608",6
"8609",3
"8610",3
"8611",4
"8612",2
"8613",3
"8614",1
"8615",0
"8616",0
"8617",0
"8618",0
"8619",0
"8620",0
"8621",0
"8622",0
"8623",0
"8624",1
"8625",4
"8626",7
"8627",4
"8628",4
"8629",4
"8630",5
"8631",6
"8632",7
"8633",6
"8634",5
"8635",4
"8636",2
"8637",1
"8638",0
"8639",0
"8640",0
"8641",0
"8642",0
"8643",0
"8644",0
"8645",0
"8646",0
"8647",0
"8648",0
"8649",3
"8650",4
"8651",5
"8652",5
"8653",7
"8654",6
"8655",4
"8656",5
"8657",6
"8658",2
"8659",2
"8660",2
"8661",1
"8662",0
"8663",0
"8664",0
"8665",0
"8666",0
"8667",0
"8668",0
"8669",0
"8670",0
"8671",0
"8672",1
"8673",2
"8674",5
"8675",3
"8676",4
"8677",4
"8678",6
"8679",4
"8680",5
"8681",2
"8682",2
"8683",2
"8684",1
"8685",0
"8686",0
"8687",0
"8688",0
"8689",0
"8690",0
"8691",0
"8692",0
"8693",0
"8694",0
"8695",0
"8696",0
"8697",0
"8698",0
"8699",0
"8700",0
"8701",0
"8702",0
"8703",0
"8704",0
"8705",0
"8706",0
"8707",0
"8708",0
"8709",0
"8710",0
"8711",0
"8712",0
"8713",0
"8714",0
"8715",0
"8716",0
"8717",0
"8718",0
"8719",0
"8720",0
"8721",0
"8722",0
"8723",0
"8724",0
"8725",0
"8726",0
"8727",0
"8728",0
"8729",0
"8730",0
"8731",0
"8732",0
"8733",0
"8734",0
"8735",0
"8736",0
"8737",0
"8738",0
"8739",0
"8740",0
"8741",0
"8742",0
"8743",0
"8744",1
"8745",5
"8746",7
"8747",5
"8748",4
"8749",7
"8750",6
"8751",5
"8752",6
"8753",4
"8754",4
"8755",5
"8756",2
"8757",1
"8758",0
"8759",0
"8760",0
