Time;;;;;;;;;;;;;;;;;;;;;;;;;;;;;;;;;;;;;;;;;;;;;;;;;;;;;;;;;;;;;;;;;;;;;;;;;;;;;;;;;;;;;;;;;;;;;;;;;;;;;;;;;;;;;;;;;;;;;;;;;;;;;;;;;;;;;;;;;;;;;;;;;;;;;;;;;;;;;;;;;;;;;;;;;;;;;;;;;;;;;;;;;;;;;;;;;;;;;;;;;;;;;;;;;;;;;;;;;;;;;;;;;;;;;;;;;;;;;;;;;;;;;;;;;;;;;;;;;;;;;;;;;;;;;;;;;;;;;;;;;;;;;;;;;;;;;;;;;;;;;;;;;;;;;;;;;;;;;;;;;;;;;;;;;;;;;;;;;;;;;;;;;;;;;;;;;;;;;;;;;;;;
00:00 - 01:00;22,31909;31,582341;32,129321;35,396339;36,956014;31,296993;12,134481;22,560214;30,860189;32,554116;35,58335;37,311746;30,888398;12,674455;23,702871;32,637883;33,090599;36,233126;37,657574;32,149883;12,818919;23,463699;32,359884;34,529421;36,914508;37,578647;33,203038;12,638252;24,203669;33,006963;34,87058;37,369282;38,536752;32,720865;13,102518;24,25016;34,370928;34,598411;38,34794;40,333823;34,072205;13,079329;24,88346;34,27415;36,218076;39,776098;40,41345;33,996635;13,218566;25,043446;35,028701;36,423758;38,845936;40,609262;34,784573;13,614316;25,009955;35,353976;36,809319;39,760072;40,84215;34,995777;13,365943;25,598916;35,210944;35,708513;39,862748;41,099072;35,315432;13,824225;25,664791;34,611657;36,407437;40,55382;40,516289;35,557063;13,783013;25,517256;34,947642;35,845606;39,984983;41,567068;35,669281;13,699806;25,734357;35,07941;36,242444;41,116896;41,24625;35,645292;13,624527;25,111736;34,474542;36,542836;39,838697;40,758468;34,311701;13,864853;25,453852;34,882134;35,742095;39,041493;40,499763;35,133446;13,765598;24,48875;33,802617;35,438091;38,855371;40,802255;34,570849;13,615425;24,322859;33,437071;35,558226;39,093562;39,808013;34,725285;13,680885;24,646413;33,956375;34,981292;38,870355;40,347038;32,982751;13,380201;23,760602;32,833721;35,375376;37,694784;38,940839;33,553018;13,039657;24,109311;33,540326;34,154604;38,273495;37,796374;33,144856;12,797101;23,938493;32,860157;33,728308;37,716311;38,179756;32,491611;12,752027;23,320797;31,288617;33,618794;36,659631;38,337418;31,201548;12,601596;22,776824;31,478518;32,980476;36,149026;36,210578;31,503782;12,536453;22,147503;30,962931;32,603514;34,719232;36,041592;31,386695;12,137663;22,321925;29,634505;31,79092;34,26874;36,342787;29,549987;12,151929;21,137123;30,223057;30,655933;34,622593;35,125785;28,843499;11,543685;20,66811;28,560027;30,629697;33,394512;33,898725;28,888514;11,63908;20,51898;29,064287;30,391605;32,507002;34,040436;28,62272;11,267314;20,197878;28,531464;28,652711;32,959764;33,439436;28,61543;10,705673;20,391565;27,8612;28,029507;30,884257;32,08491;27,26756;10,804357;19,541441;26,749208;29,167566;31,158708;30,986457;26,612445;10,358482;18,838176;26,183205;27,9437;30,778957;32,327437;27,279771;10,784274;18,663766;27,033009;26,969942;30,368696;31,615842;25,646746;10,20456;19,434477;25,623811;27,60942;29,870328;31,368759;25,590868;10,060451;18,600786;26,390491;27,68942;30,791689;30,8707;26,09676;10,515864;18,839036;25,772313;27,632009;30,106296;31,058459;25,731184;10,192334;19,020488;26,822362;27,596181;30,64876;29,674918;26,222134;9,96798;19,25235;26,145365;26,787938;29,503651;30,121326;25,604431;9,979051;18,892603;26,144115;28,05515;29,768931;31,585465;25,548335;10,166316;19,734096;26,269454;27,247052;29,569127;31,393513;25,642584;10,187177;19,105938;26,834002;27,735011;30,396076;31,635231;26,762396;10,292237;19,549574;26,383046;28,36009;31,549389;31,766726;27,350136;10,668227;20,036394;27,537421;29,44428;32,213667;31,565794;26,963679;10,842333;19,919252;28,311167;29,521703;31,505652;32,508245;28,68455;10,952538;20,577659;28,956042;29,170356;33,25729;34,058139;28,792904;11,509729;21,37764;29,580423;30,731286;32,745773;33,52278;28,834296;11,711012;22,029336;30,480339;31,396657;33,927284;34,419796;30,245516;11,978409;22,695456;31,292297;32,277807;35,304398;35,709795;31,130037;12,314253;22,750528;31,592819;33,351275;36,066515;36,341587;31,984534;12,476012;22,58412;31,569506;33,371551;36,041495;36,744204;31,912952;12,75066;24,197555;32,313787;33,647347;38,170413;38,892532;32,940328;12,562001;24,409543;32,663537;35,488907;38,361637;39,242683;33,438322;13,023789
01:00 - 02:00;20,75913;34,293885;35,918454;33,246037;36,018392;33,414554;11,713286;21,053034;34,81924;38,149882;33,901792;35,948897;33,085539;11,834067;22,040931;35,939197;38,3987;35,092079;36,779252;33,644494;12,093616;22,204237;36,061343;39,112298;34,839425;37,283934;34,417774;12,392807;21,980939;36,499591;40,118204;36,749377;38,9125;35,603376;12,727108;23,211705;36,532439;39,8353;36,396577;39,359873;36,093446;12,610554;22,942355;37,334458;39,509287;36,959147;38,670265;36,369512;12,858689;23,240311;37,691472;41,681987;37,087744;39,485446;36,549173;12,947657;23,822002;37,647085;40,530657;36,833085;40,744065;36,610127;12,817925;23,792317;38,205921;40,459248;38,561848;39,826324;36,326692;13,261801;23,962383;38,842252;41,227772;37,719995;40,676286;36,356943;12,938044;23,666704;38,926817;40,646789;38,014242;40,376088;37,431671;13,081358;23,679218;37,928819;42,235434;38,369191;39,808236;36,725156;13,347971;23,974662;38,524525;41,466637;38,334983;40,168788;36,665686;13,150147;23,471012;37,854671;40,953774;37,373432;40,105667;36,466031;13,206683;22,973715;38,403327;41,14511;38,111642;38,892186;37,076011;12,997214;22,919768;37,590026;40,065558;36,295097;39,211805;36,725775;12,592787;22,802961;36,929165;40,94017;37,434332;38,762229;35,615435;12,650002;22,665913;36,854433;39,565409;35,334818;37,713525;36,152691;12,787151;21,881531;36,432873;39,921857;35,36713;37,502783;35,607635;12,407441;22,382539;35,694955;37,827443;34,422583;37,222672;34,56306;12,378733;21,150702;34,867243;38,451648;34,526284;36,949651;34,137567;11,813183;21,01499;33,951828;36,694559;33,273778;35,654109;33,271059;11,578939;20,526861;34,704331;37,22924;33,854525;34,725603;31,889755;11,713542;20,038513;32,511657;36,561121;32,807061;35,123742;32,15116;11,418846;20,420789;32,751175;35,538527;32,788409;34,750051;32,185506;11,115401;19,34826;32,742037;34,940645;31,065744;34,01883;30,051044;11,122687;19,391926;31,631891;33,367725;30,205201;33,633488;30,0804;10,61149;18,904026;31,232978;33,582949;30,015005;32,644376;30,569403;10,38682;18,556556;30,645038;33,084746;29,416358;31,369906;29,443963;10,305061;18,811935;29,431873;31,724969;29,334964;30,634682;29,444246;10,019786;17,848486;29,93226;32,164901;28,727444;30,33345;28,938185;9,843537;17,736909;29,617518;30,471204;28,55344;30,233127;27,309227;10,220521;17,625112;28,709209;31,807136;28,092492;30,169819;27,221929;10,176892;17,215407;28,293165;30,089914;28,777154;30,916758;27,654195;9,591129;17,680269;28,822567;31,449369;28,97634;29,746701;28,155547;9,55788;17,682966;28,779585;30,406959;28,31668;29,531767;27,592513;10,031964;17,195448;27,918698;31,515544;28,649388;30,905012;28,009313;9,691651;18,236276;29,365147;30,526077;28,357929;29,543531;28,317968;9,795427;17,396764;28,669832;31,566018;28,178235;31,247752;27,547375;10,276914;17,79461;28,966523;31,777022;29,338311;30,896508;27,749876;9,866873;18,528253;30,599596;32,163755;29,293726;31,518769;28,103078;10,20071;18,911838;29,823671;33,503202;30,023739;32,099235;28,670521;10,168151;18,688538;30,811703;33,956175;31,045126;32,236146;29,397341;10,294017;18,831853;31,424139;34,360543;31,183767;33,999028;31,188785;10,524748;19,793618;31,593726;34,416552;31,24791;33,069142;31,065161;11,090511;19,792763;32,687176;35,074735;32,398871;34,246301;32,203135;11,213706;20,67243;33,18342;36,036209;32,987998;35,689154;33,182085;11,251545;20,906917;34,5222;37,123345;34,222864;35,459588;32,694514;11,772598;21,239529;34,470467;38,157851;34,685025;36,644754;34,127834;12,168643;22,436873;36,492615;38,698236;35,369151;38,15355;34,126293;12,455019;22,449373;37,648621;39,644793;36,460952;38,122988;35,988844;12,518296
02:00 - 03:00;19,977183;30,459157;32,514629;32,448391;34,586461;29,856612;11,810409;19,981981;30,609452;33,166404;32,402697;34,675607;31,048325;12,042547;20,777739;31,19697;33,636565;33,294673;36,154451;32,103919;12,585524;20,73194;31,992634;33,730308;33,601084;35,634091;32,508156;12,331437;21,153338;32,959105;33,930036;33,606923;37,284186;32,034827;12,823909;21,759536;33,382871;35,141499;34,63671;36,751148;32,969078;12,619574;21,50486;32,687185;35,390312;35,732925;38,042317;33,619465;13,011465;22,458971;33,74779;34,814315;34,732291;37,575209;33,734502;13,363864;21,884933;34,440726;35,198639;35,585816;37,794109;34,077901;13,318829;22,312438;34,458111;35,511083;36,543751;38,616499;34,864778;13,178365;22,367542;33,776762;35,192011;36,477568;39,216651;34,868701;13,480956;22,312125;34,607952;36,507176;35,723174;38,672975;33,64704;13,270225;22,106842;33,774718;36,109901;35,318727;39,363863;34,772388;13,350237;21,9394;34,004273;35,614619;36,4259;37,849689;34,603869;13,583397;22,654849;33,383813;35,191989;35,693985;39,173709;34,03324;13,322115;22,188001;33,113802;35,248123;36,027446;38,139614;33,667766;12,936625;21,740542;34,021665;34,597329;35,612409;37,301955;33,321956;13,004274;22,173037;33,156148;34,248351;34,719503;37,732783;33,577629;12,920264;21,194661;32,420808;33,684019;34,099806;36,854478;33,232998;12,906768;20,81309;31,404168;33,756712;33,668779;35,597542;32,412452;12,628395;21,222382;31,668578;33,324051;32,956224;36,147182;31,526186;12,552909;20,175491;30,952477;33,242684;32,353776;35,941451;31,241344;12,322285;19,695143;30,21988;32,444711;32,147844;35,490024;30,206062;11,806601;19,496905;30,705203;32,341643;31,431037;34,122503;30,131456;11,706774;19,586274;29,166122;31,616235;31,733964;34,003074;29,948596;11,476891;18,776156;28,188986;30,799676;31,110646;32,659046;28,262341;11,486612;19,007081;28,251975;29,889398;29,454042;32,329415;27,843876;10,826511;18,210407;27,176796;28,696856;29,613666;31,628403;27,337425;11,142144;17,56772;26,611566;28,718055;28,737275;31,856888;26,857335;10,438278;17,458602;26,37521;29,02143;28,579026;30,243731;26,682472;10,386203;17,876048;25,766164;28,160182;27,995176;30,097097;26,40815;10,339672;16,799976;26,664274;27,061246;27,367896;30,320076;26,99374;10,369716;17,494522;26,066255;27,59198;26,916435;28,512608;26,706761;9,945484;16,580463;25,142237;27,551716;27,19964;29,075843;25,744796;9,872106;16,842518;24,799799;27,48938;27,61772;29,761021;26,019543;9,908714;16,600031;25,215487;26,156976;26,519261;28,119656;25,731087;9,831193;16,97558;26,096813;26,889245;26,361776;29,587852;25,834927;9,878016;17,23691;25,255857;26,631259;26,908583;29,570837;25,411816;10,231831;17,220045;25,859114;27,468186;27,445149;29,495598;25,99031;9,909511;17,312825;25,720274;26,809451;27,489256;30,182154;25,37831;10,13689;16,876322;25,735334;27,884701;28,174317;30,310929;26,853952;10,006902;17,438621;27,084332;27,665847;28,319338;29,464735;27,260535;10,18563;17,851971;26,798194;28,54029;28,616863;29,888971;26,988017;10,736988;18,065534;27,947767;28,423946;29,285661;31,841004;28,29618;10,494634;18,912963;28,301898;29,071722;29,405259;32,250834;28,227823;10,754912;19,037258;28,830891;29,297581;30,885751;32,583351;29,071964;11,261813;18,715864;29,791214;30,447598;30,87482;33,198781;29,675759;11,595151;19,252585;29,456228;32,184589;31,301407;33,81147;30,152228;11,793865;19,906809;29,74361;32,892776;31,584804;35,239312;30,882076;11,923239;20,708775;31,003994;33,671829;32,558854;35,210885;30,958252;12,006787;21,123107;32,001612;33,554638;34,037954;35,449901;32,66853;12,401067;21,075612;31,81608;33,675781;33,700823;36,28764;32,739499;12,62168
03:00 - 04:00;19,239088;28,645651;32,252276;33,040882;33,644251;31,627906;12,638971;19,764872;29,952375;32,659396;32,450861;33,900046;31,638708;12,937097;19,777453;30,132345;34,078488;33,450832;34,832001;32,707232;13,599076;19,935911;31,031449;34,447875;33,880266;35,267901;32,468937;13,965893;20,216692;31,884603;35,84778;35,36046;37,002494;34,022886;13,573961;20,403412;32,343021;35,280535;35,693656;36,784359;34,111907;13,815244;21,013282;31,382418;35,874049;36,593571;36,711008;33,959118;14,11179;21,359734;32,650731;36,309196;35,740372;36,690558;34,281521;14,049761;21,446457;33,252939;37,135868;37,106168;37,205535;34,681593;14,331073;20,900643;32,469044;36,610365;36,730793;38,131212;35,788788;14,32749;21,043682;32,323984;37,212839;37,514154;37,569215;35,643642;14,334507;21,740876;32,884064;36,679124;37,457403;38,098202;34,488087;14,419349;21,227731;33,173332;36,667305;36,825243;37,695459;35,349734;14,711953;21,470357;32,537211;37,394043;36,246125;37,807428;34,458277;14,558784;21,520901;32,634194;37,455275;36,194256;37,084689;34,929713;14,402789;21,389422;32,996321;35,878407;36,727269;37,28772;34,504397;14,567772;21,217502;32,311451;36,029993;36,110222;37,051426;34,514446;14,507873;20,377431;31,604619;35,642041;36,187053;36,790276;34,008357;14,386234;20,423612;31,860131;34,878226;35,735162;37,041404;33,130884;14,101112;20,004899;30,570992;35,239605;34,986037;35,079657;32,505228;13,964469;19,933704;31,068355;33,429302;34,346025;34,56312;33,349435;13,27503;19,625544;30,694901;34,026952;33,664348;34,177931;31,952149;13,103774;19,229226;29,245329;32,75631;33,441612;34,755145;31,755441;13,187675;18,502414;28,8886;32,374573;32,978332;33,935824;30,134912;12,748781;18,096521;28,168574;32,256097;30,971644;33,623332;29,756556;12,850763;18,281587;27,755835;30,853075;30,5098;32,321422;30,018418;12,035811;17,837802;27,801757;31,021298;29,821809;31,47011;29,710635;12,248198;17,401161;27,46506;29,712945;30,524782;30,37634;28,91163;11,852727;17,418806;26,367235;28,99815;30,251722;30,117682;27,368576;11,569836;16,406256;25,882531;29,201526;29,491377;30,81144;27,067248;11,701885;16,890687;25,387261;28,874271;29,167119;30,187702;27,172002;11,393531;16,105824;24,965561;28,636004;28,472334;29,667847;26,712666;10,952241;16,244886;25,072415;27,289894;27,316122;29,117911;27,077307;11,347458;16,270652;25,371514;28,45579;27,113836;28,328224;26,735526;11,095972;16,09916;24,0297;26,927608;27,79138;28,867485;26,041748;10,833877;15,682702;24,190352;27,636986;27,787574;27,629775;25,954167;10,632431;16,068328;24,069319;27,819462;27,380489;27,794993;26,913256;11,183242;15,799698;24,093449;26,940936;26,698763;28,478069;26,06581;10,665221;16,316727;25,062729;27,962634;28,409356;27,809358;26,332012;10,680654;16,533515;25,623731;28,173972;27,033485;28,597098;26,011433;11,328487;16,852496;24,498297;27,866466;27,944876;28,782454;26,779953;11,362696;16,664692;25,756663;28,908732;28,58402;30,26889;27,514933;11,038723;16,526589;25,867872;29,680646;28,853811;30,583362;27,271502;11,580619;17,55198;26,411347;29,398904;29,476709;29,856297;27,840496;11,803497;17,157563;26,643585;29,548044;30,851199;31,460489;29,373739;11,870271;17,696271;27,220557;31,153453;30,868225;32,537594;30,001051;12,369517;17,948868;28,05991;32,168001;31,81384;32,535864;29,553506;12,439877;18,578502;28,095542;31,940791;32,886429;32,772742;31,511609;12,793456;18,909828;29,741147;33,803365;32,456488;34,487266;31,449211;13,19244;19,134619;30,449568;33,747991;34,366524;34,270832;32,770581;13,548936;20,204345;30,543038;34,771998;34,307738;35,583519;32,149047;13,892563;20,72962;31,788666;35,786941;35,881852;35,64386;34,308624;14,064777
04:00 - 05:00;16,611281;25,098747;29,131029;27,509895;29,226122;24,986413;10,123847;16,977698;26,216553;29,487616;28,662829;30,308136;25,989238;10,746838;17,884379;26,193719;29,914962;28,543439;30,638048;26,42528;10,497349;17,742267;26,898918;31,055147;28,970706;31,72212;25,871804;11,098684;18,238186;27,120196;30,93731;29,016115;31,754067;26,844166;11,179947;18,24952;27,476813;31,631971;30,081782;32,418621;27,418083;11,455929;18,535929;27,772714;32,006844;30,597208;33,012443;26,966844;11,169019;19,149545;28,625573;31,664676;30,79236;32,754686;28,282835;11,68756;18,920323;28,454937;32,148457;30,739072;33,973508;28,482116;11,318033;18,826258;28,999131;31,925646;31,126315;34,026054;27,646171;11,762051;18,93692;28,751674;32,509844;30,596451;33,949171;27,980905;11,670666;19,249136;28,354313;33,09197;30,850374;34,325492;28,295127;11,872404;19,151479;28,49269;32,540324;31,412209;33,728944;28,872773;11,469458;19,266107;28,286156;32,919081;31,328647;33,686331;27,768633;11,397874;19,354397;29,345929;32,771096;30,400054;33,683704;27,410824;11,470859;18,464639;28,091575;32,569999;30,331921;32,38319;28,276401;11,457979;19,095794;28,730718;31,206768;30,47658;33,193012;27,663792;11,566008;18,390077;27,496771;31,64473;29,664562;32,625338;27,104564;11,110604;18,321158;27,83148;31,546096;30,069333;32,697128;26,996719;11,249094;17,60883;26,814536;30,5686;28,814812;31,656371;25,966985;11,135673;17,928008;26,974143;30,461671;28,475545;30,780984;26,620471;10,912842;17,322694;27,005748;30,349814;28,659126;30,79534;25,507735;10,452077;16,795669;26,081025;29,224289;28,244791;29,403158;25,422249;10,532377;17,063799;24,846593;28,319067;27,125887;29,19435;24,495248;10,063197;16,577875;24,722708;27,76229;26,612485;29,593969;24,330488;9,927105;15,804654;24,731546;27,11971;26,010338;28,84946;24,389167;9,836429;15,503307;24,665771;26,577135;26,210778;27,822894;23,405924;9,737438;15,938712;23,892519;26,889593;25,544262;27,199912;22,927117;9,566803;15,59886;23,389392;26,839706;24,27621;27,348199;22,798419;9,471674;15,445143;22,867007;26,233791;25,006325;26,439612;21,949089;9,101701;14,784495;21,886506;25,074416;23,838477;26,197141;21,956548;9,162128;14,753499;22,279222;24,276153;23,449368;25,370796;21,655088;8,704986;14,510111;21,70728;25,130372;23,624311;24,725839;21,843623;8,981975;13,950147;22,131768;25,095728;23,037156;25,957162;21,513826;8,589817;14,283167;21,247011;24,199855;23,839026;25,813894;21,19666;8,934151;13,909686;21,001279;24,708032;23,607619;24,974098;20,935627;8,917367;14,414182;21,233378;24,829416;23,400383;24,282345;20,881704;8,604673;14,21816;21,679756;23,670131;23,103317;24,560274;20,699935;8,815167;14,71451;22,005507;24,101844;23,73623;24,549248;21,615467;8,853676;14,805809;22,379325;25,393428;23,996436;25,65214;21,648972;8,65597;14,516338;22,15295;25,13422;23,797918;25,94154;22,015298;9,173731;14,584325;22,109728;24,695104;23,684561;26,504741;22,011473;9,107325;14,914542;23,035947;25,670857;24,632373;26,825916;22,375881;9,166953;15,330664;23,511321;26,074166;24,451248;26,856686;22,071091;9,417827;15,452688;23,597256;26,542115;26,142779;27,88857;22,713564;9,278;15,871963;23,953904;27,568771;26,272236;27,960875;24,065715;9,788677;16,272824;24,814661;28,333526;26,671924;28,258014;24,511506;10,044925;16,471041;25,606098;28,277287;27,926868;28,907834;24,869055;10,107369;16,799133;25,3867;29,024197;27,364694;30,549893;24,990987;10,286097;17,479405;26,375927;30,634161;28,114532;30,447338;26,320509;10,659624;17,682804;26,80452;30,79045;29,71742;31,366518;25,942436;11,021869;18,381765;27,434845;30,91286;29,096064;31,391884;27,632012;11,306972
05:00 - 06:00;22,660165;26,356926;31,470303;28,73954;27,333361;22,609185;10,341739;23,11424;28,007209;31,717091;28,817118;27,7875;22,344592;10,749873;23,35168;28,340521;32,519063;29,411364;28,392355;23,182746;10,713889;23,20032;28,032623;32,000084;29,845158;29,557215;23,8501;10,913024;23,289792;28,638861;32,874826;30,920692;29,227661;24,115761;11,095577;24,301837;29,595872;34,198718;30,190068;30,291248;24,11134;11,485343;24,611144;29,261658;34,379673;30,909083;31,324169;24,778321;11,209219;25,150351;29,493192;34,19564;31,527757;30,637529;24,832413;11,694179;25,285825;30,150759;35,368663;31,648641;31,833157;25,171855;11,408401;24,476452;30,109238;34,71122;32,113685;32,041258;25,109054;11,560833;24,803337;30,384458;35,685908;31,909256;32,08989;25,467345;11,921734;24,727305;29,991197;35,400742;31,484269;32,197679;24,734202;11,848939;24,712105;30,755382;35,263834;32,094074;30,901256;25,504517;11,669135;24,460664;30,711532;35,133558;31,178093;31,840079;25,534264;11,803778;24,909814;30,535246;34,182223;31,522804;30,840916;24,830684;11,675748;24,744699;30,258776;33,906825;30,847526;30,664338;24,218564;11,76095;24,324898;29,209388;33,924958;31,243544;31,197029;24,91084;11,566816;24,073152;28,767505;33,571763;30,136186;30,597338;23,784672;11,054727;23,972813;28,418074;33,583608;30,752428;30,705256;23,584814;11,158588;23,671208;28,735455;32,743725;30,527374;28,939999;23,036411;11,184802;23,45295;28,058258;32,99244;29,471617;28,883671;23,131157;10,71239;22,522024;28,309947;31,470562;29,744645;28,653164;22,585888;10,504656;22,623892;26,690861;31,878994;28,595866;28,619253;22,679743;10,666309;21,46076;26,243854;29,978257;28,703457;27,828935;21,602913;10,427783;22,005847;25,983499;29,562642;27,373332;27,614076;21,828035;10,0511;20,918513;26,161855;29,429245;26,903095;26,004192;21,638123;9,802956;20,84805;25,036904;28,357069;26,201284;26,514773;21,312408;9,696988;20,551375;25,110556;28,061751;25,897364;25,071073;20,291135;9,373993;20,262435;23,988658;28,24808;26,028278;25,176363;19,883583;9,60816;19,716176;24,293285;28,139839;25,026601;25,24655;19,294154;9,251891;19,320743;23,766219;27,190677;24,693841;24,700812;20,019719;8,806173;19,407202;23,731715;27,539432;24,542432;23,910017;19,466549;8,798439;18,912659;23,572585;25,803375;23,920363;24,100754;19,313729;8,958721;18,518644;22,762929;26,299648;24,567229;22,957945;19,130222;8,649959;18,801591;23,045157;26,742494;23,113166;23,455194;18,139787;8,695712;18,107326;23,28835;25,728826;23,834641;23,359546;18,318197;8,936998;18,598996;22,10108;26,396463;24,160857;23,058776;18,186865;8,690597;18,900419;23,180646;25,806201;24,489152;23,040525;18,640549;8,831438;18,299705;22,880635;26,801799;23,863791;23,865296;19,273487;8,500927;19,228269;22,533464;26,98635;24,101063;24,068009;19,337716;9,005287;19,494888;23,004926;26,898805;24,629816;23,400646;18,641385;8,875396;19,417654;23,925072;27,952859;24,897457;24,371142;19,382458;8,935004;20,209911;24,052789;27,77493;25,409906;24,567089;19,250783;9,139281;20,100881;24,113839;27,817663;25,544609;25,877052;20,219592;9,421189;20,469283;25,557251;29,181576;25,956901;25,193866;20,39547;9,335049;20,848322;25,544136;29,408363;27,066796;26,175617;21,332803;9,883657;20,981936;26,51715;30,249253;26,59985;26,754567;21,679406;9,789118;22,115814;26,277547;30,136869;27,586023;27,728117;22,499235;10,377944;22,61749;27,169919;31,391874;28,059712;28,620014;22,339654;10,681605;22,44466;28,233911;31,259417;29,369627;29,223896;23,231394;10,773492;23,829554;29,057011;32,394431;29,435066;29,919677;23,427163;10,789653;23,925886;29,649303;33,091851;29,960187;30,770527;23,934404;11,058492
06:00 - 07:00;29,161586;33,926323;36,169467;35,37726;36,438612;23,290905;12,963187;29,878762;34,785434;35,635453;36,228474;36,94077;24,122392;13,271887;30,307728;35,753956;37,418447;36,494085;37,833228;23,940481;13,877083;31,788151;36,802041;36,807758;37,360994;38,200544;24,96244;14,198991;31,422621;37,051764;38,635517;38,087774;39,460755;25,250024;14,035272;32,033853;37,472869;39,452361;38,56526;40,059318;25,127073;14,243092;32,23973;38,275294;38,53933;39,107908;39,858145;26,243479;14,623885;33,582722;37,762796;39,604349;38,207994;40,700637;26,292443;14,998011;33,370697;38,154469;39,27246;39,021115;40,007297;26,026943;14,679397;33,778083;39,250983;40,16238;39,267954;40,527413;26,032546;14,988642;33,350818;39,190868;40,136154;39,860635;41,630632;26,543472;14,683753;33,97803;38,519724;39,507257;38,827686;40,895114;25,977231;15,305428;33,701038;39,709517;39,710653;38,745886;41,136119;26,909038;15,138725;34,046715;38,671511;40,547621;38,943732;41,716592;27,018983;15,120694;32,892198;38,294063;40,445364;38,935874;41,089462;25,96785;15,148724;33,485575;37,753649;39,025711;39,23742;39,862246;25,89638;15,076965;32,218899;38,050145;39,190096;39,422891;40,020146;26,482669;14,685655;32,623235;37,527501;39,185846;38,651547;39,076558;25,899168;14,474621;31,733656;37,32981;39,046968;38,04033;38,915182;25,428193;14,513508;31,598537;35,974235;38,158817;37,049719;39,292744;24,907056;14,12983;31,872593;36,269033;37,813363;37,434207;38,752579;24,708373;14,20726;31,102587;35,220176;36,422644;36,311225;36,952687;23,969211;13,407588;29,708721;34,873209;35,808948;36,204711;36,900566;24,057744;13,367742;29,552751;35,263737;35,522288;34,780742;35,792902;23,015552;13,494576;29,31342;34,579652;34,506951;34,308397;36,454969;23,462777;12,867968;28,950318;32,282445;33,797336;33,650817;35,756179;22,227952;12,951915;28,463559;33,127545;33,960892;33,756835;33,795724;22,259864;12,800619;28,167384;32,528186;33,642637;32,734461;33,05493;21,843325;12,205111;26,350352;31,993113;32,824708;32,438694;33,669594;21,525076;12,339871;26,880995;31,210475;32,073377;31,521853;33,231437;21,340341;11,976165;26,208825;30,679768;31,699936;30,616095;31,37078;20,767476;11,721474;25,098096;30,201987;31,531654;30,307436;32,012736;20,651898;11,321938;26,117325;29,285953;30,060137;30,401011;31,656989;20,310537;11,630545;25,362619;29,306899;29,840541;29,075893;31,807603;19,914735;11,590855;25,306042;28,776016;29,502074;29,04619;30,224243;20,07006;11,299328;24,886243;29,515681;30,264675;29,937226;31,220903;19,960254;11,389842;25,011412;29,601123;30,27578;29,927989;30,870115;19,335453;11,094958;25,664683;29,774457;30,407063;28,671014;31,581087;19,528425;11,329184;25,12226;29,624951;29,808542;30,177055;31,354247;20,168213;11,01413;25,449507;29,652955;30,003947;29,212658;31,637837;20,385734;11,514922;25,814286;29,66962;31,265605;29,485814;31,804613;20,544658;11,714745;25,531908;30,885567;31,163369;31,05812;31,310954;21,12984;11,63631;26,424616;31,746379;31,578;30,385712;32,11328;21,249085;12,122213;27,023614;32,298004;31,516535;32,439638;32,954851;21,83278;12,153894;27,764842;31,77711;33,731427;31,595756;33,900618;22,343527;12,598132;27,884342;32,042393;33,549747;33,139142;34,336924;22,276943;12,819803;29,346112;33,926319;33,620276;33,686831;35,233856;23,179153;13,147052;28,967554;34,867068;35,824622;34,501887;36,031216;22,782854;13,430339;30,054766;34,366711;35,760584;35,83246;37,643851;23,458127;13,303973;30,722713;36,162445;36,936081;37,171795;36,967246;24,485475;13,728837;31,355912;36,95593;37,765388;37,968662;37,896758;24,580775;14,363481;32,869847;36,887111;37,911672;38,646531;40,352186;25,105914;14,141723
07:00 - 08:00;36,458644;39,776692;43,697378;42,313618;39,814639;27,22044;13,507726;37,694753;41,581161;43,092657;42,396833;40,899937;28,007303;14,365219;38,623391;41,720194;45,175119;43,123136;42,441775;28,029133;14,479204;38,391679;41,23192;45,046464;43,611772;42,661084;28,564074;14,358163;38,901682;43,365673;45,767197;44,404623;42,69798;30,052617;14,52543;39,877682;43,262547;47,595965;45,731216;45,052001;30,252023;15,310236;39,178551;44,068143;46,302224;45,21175;44,251119;30,278153;15,048315;41,233537;44,564168;47,337274;46,703831;44,525968;30,036293;15,520371;41,112288;45,389972;48,07294;45,52144;45,75609;31,445642;15,469729;40,570419;45,471107;47,831555;46,690654;45,841154;31,128727;15,205328;41,923146;44,903882;48,517905;46,791364;46,504696;30,76073;15,396553;40,833917;45,955568;48,368773;46,96726;45,313728;30,585731;15,299709;40,239576;44,581264;48,701847;47,337108;45,563936;31,365235;15,40283;41,840331;44,614337;48,255405;46,492114;46,436514;30,693064;15,355472;40,310101;45,148997;47,661464;47,341328;44,837196;30,978286;15,456827;39,718122;44,557386;47,716367;45,999095;44,867618;30,173435;15,513729;40,329644;44,060835;47,43243;45,886968;45,099268;30,030734;14,883436;39,393188;43,305898;46,45399;44,591781;43,857907;30,173419;15,144865;39,705037;42,456823;47,033604;45,3722;43,819809;30,035052;14,585256;38,865066;41,656342;45,66963;44,427407;43,406801;28,826614;14,781187;37,803245;41,144261;44,199284;44,353833;41,97229;29,453823;14,742599;38,239338;40,803059;44,873356;41,763531;42,128343;27,740279;14,16106;37,509211;40,146865;44,179247;41,39365;41,585722;28,179686;13,95146;36,697658;39,644515;42,461588;40,77714;40,644213;26,828198;13,631541;36,064508;38,996282;42,538964;41,402228;38,869453;26,80271;13,180835;34,809151;38,638732;42,037342;39,325106;38,670416;26,530501;13,056218;33,484015;37,566702;40,272787;38,237393;38,227536;25,242755;13,180552;33,566299;36,509716;39,94988;37,843327;36,455146;24,898639;12,889711;32,885357;35,663942;38,839753;37,232484;36,230659;24,275098;12,811812;31,521716;34,879249;37,103979;37,092101;36,751129;24,008229;12,006609;32,271031;35,421963;38,223925;36,991655;36,593393;24,166909;11,97782;30,713523;34,789712;37,433394;35,894028;34,427572;23,67378;11,631048;31,262373;35,001461;37,333527;35,924346;34,381847;23,559706;11,765268;31,250668;33,344436;37,052185;35,415582;34,938753;23,11009;11,385269;31,322146;32,731384;35,739644;35,037151;34,317977;23,156956;11,686657;30,984378;34,415568;35,462289;35,752722;34,989147;23,568399;11,545381;31,187528;33,551498;36,599689;34,137209;33,682128;22,976493;11,792656;30,291317;33,426077;36,090886;34,141683;35,223317;23,511969;11,790139;30,13069;32,969955;35,985596;34,805299;34,214032;22,815378;11,333279;31,837129;34,406695;37,671062;35,827567;35,564005;24,287758;11,441981;32,155446;34,95728;37,319768;35,906634;36,094693;23,91408;11,57875;31,41383;35,189813;37,790522;37,313221;35,306816;24,337864;11,839622;32,757451;36,39403;37,186423;36,844229;36,550868;25,23717;12,040485;33,005827;36,285687;38,591232;36,953084;36,590094;24,420279;12,590632;34,184075;36,873132;39,0161;39,251087;38,363998;25,476222;12,687187;34,641455;37,78276;40,687759;38,394241;38,821802;26,750902;13,023469;35,932444;38,60482;41,415637;39,907666;39,447222;27,257154;13,30358;35,843863;38,481509;41,810675;41,187472;41,01599;26,576283;13,928674;35,979915;40,72395;43,55254;42,061979;40,044576;28,605869;14,17188;36,697058;41,935702;43,738641;42,055107;41,930875;29,132062;14,557665;37,884445;41,877592;44,476906;44,624668;43,239153;29,771346;14,654708;38,926749;43,76415;47,239208;44,115733;43,884195;29,605636;14,892584
08:00 - 09:00;33,154486;35,246186;39,325368;36,180496;35,197169;27,704861;15,482108;33,216886;36,287553;39,128623;37,103084;36,064762;27,864818;15,721515;34,591022;37,564997;41,057914;36,758584;36,542629;28,898522;16,464329;34,561556;37,421314;41,283135;38,969209;37,155639;29,417407;16,530234;35,353236;37,880901;42,099495;38,265698;38,296432;28,958418;16,643361;36,46944;39,332218;41,964336;40,214127;38,141624;30,188614;16,735821;36,332004;38,696557;42,56481;39,358575;38,143096;29,866601;17,151176;36,746811;40,155507;44,428135;39,453795;38,930651;30,564435;17,053243;36,68731;39,881281;43,596768;40,708054;40,115956;31,328261;17,786647;37,350624;40,268736;44,425874;40,42605;39,996232;31,544581;17,315246;36,603447;40,574279;44,140192;40,72816;40,316812;30,698222;17,491357;36,485633;40,030707;44,094783;40,071425;39,248676;31,391331;17,521127;37,228175;40,786663;44,522552;40,90003;40,370946;31,040331;17,779892;36,892032;40,277308;43,505206;40,614609;38,960679;30,413484;17,199352;37,229485;40,100909;44,769387;40,948453;39,498058;30,932548;17,8336;36,596991;39,764;43,330957;40,536002;39,374997;30,985218;17,003141;36,717756;39,087434;42,248368;39,385938;38,564551;30,545344;17,450944;35,822315;38,850156;42,072437;40,406656;39,063913;30,017694;17,264729;35,549626;37,510994;43,091257;38,5248;37,420472;29,395303;16,91623;35,442029;37,740217;41,324588;38,438873;37,34239;28,827306;16,800211;34,317821;37,264606;40,290113;38,506731;36,692441;29,267362;15,984941;34,50288;36,311973;40,016211;36,45158;35,679196;28,483476;16,108677;33,875566;35,438532;40,074512;36,991257;34,944633;27,709666;16,025465;32,668326;35,741731;38,76066;36,717512;35,639594;26,696351;15,730683;32,704464;34,822646;37,410782;34,48841;33,778565;27,333251;14,877972;31,420301;33,091015;37,069311;35,089251;32,938237;26,433036;14,878972;31,023505;32,882363;37,201826;33,351159;32,108872;26,514715;14,893595;30,124128;32,708005;35,336288;33,823823;32,820248;24,988907;14,222166;29,111175;31,916499;34,59632;33,358348;31,656268;24,89343;13,762545;29,100787;31,042277;34,923437;32,963187;31,303352;25,227221;13,606741;29,698217;31,400956;33,708391;31,324582;30,006173;23,934886;13,294014;28,360297;30,225334;34,669233;31,942379;31,073353;23,925601;13,87245;28,169479;31,264104;34,362584;31,305329;29,607443;24,120506;13,485634;27,449777;29,473922;32,342442;30,063223;29,556869;23,322433;12,845728;27,585726;29,927881;34,015949;31,015475;29,997106;23,528993;13,000846;27,086617;29,237079;32,370537;30,499736;29,317319;22,475052;13,33396;28,385424;29,190527;32,541536;31,233711;29,930184;22,869927;12,731838;27,493439;30,867162;32,820314;30,826709;28,890379;22,528537;12,872174;28,074634;30,784227;32,657942;31,051777;30,630412;24,004844;13,158007;28,994468;30,021012;33,390833;30,136199;29,79818;23,745804;13,463753;28,570216;30,401219;33,542169;31,852238;29,756323;23,32224;13,184301;28,43016;31,071401;35,062097;32,569721;30,334529;24,801946;13,660006;29,094545;32,224522;35,651256;31,749578;31,055218;24,644523;13,858777;29,279389;31,636201;35,347423;33,125249;32,589679;25,13077;14,453926;29,916759;33,313246;36,049785;34,16078;31,881264;25,934017;14,83416;31,449639;34,010775;37,974999;34,506334;33,192031;25,931488;15,112851;31,245542;34,273906;37,300978;35,092734;34,501783;26,990571;15,005137;31,912229;36,025425;38,650015;35,677731;34,404098;27,024801;15,812658;33,583149;35,104209;39,006525;36,868833;35,063564;27,375146;15,684763;33,563013;36,030735;40,584981;37,733512;36,550771;29,109868;16,226;34,515179;38,205081;42,333185;38,238619;37,252918;29,167727;16,207368;35,982325;37,767387;41,486566;38,296235;37,849597;29,387502;16,789447
09:00 - 10:00;29,099445;32,20208;34,756609;33,380895;30,996033;28,838947;19,915314;29,851203;33,511103;34,160119;34,092187;31,459991;29,228479;20,819328;30,586636;34,639174;35,268596;33,988966;32,560456;30,930727;20,826189;32,12154;35,246792;36,40549;35,158677;33,25384;31,11937;21,927608;31,299482;35,775196;37,223151;35,957459;33,968166;31,867252;22,06363;32,262233;35,333249;37,428363;35,782592;33,473819;31,060901;22,480737;33,348558;36,406925;37,379424;36,355657;34,804292;32,455251;21,91077;33,696692;36,367189;36,960659;36,849278;34,590479;32,787202;22,347389;33,745209;37,149227;38,018269;36,873927;34,353455;32,664174;23,069359;33,058141;37,469426;37,885502;37,173248;34,274606;33,518437;22,622016;33,489771;36,829876;37,734962;37,458928;34,291945;33,362009;22,897938;34,282152;36,837635;37,864976;37,019972;35,109976;33,575268;23,437233;34,046897;37,025501;38,933754;38,13633;34,364687;32,674649;22,458718;33,148688;37,532788;37,61732;37,238618;34,65797;33,361337;22,900938;33,723581;37,295759;38,177643;37,688527;34,104163;32,246273;22,794533;33,15735;35,763801;37,071073;37,453373;34,961945;32,651982;22,874565;33,410768;36,106964;36,867175;37,241344;34,849159;32,789155;22,756592;31,785184;35,653272;36,586348;36,027038;34,534289;31,552332;22,481209;32,365143;35,506637;37,426716;35,591164;33,068365;31,234427;21,55942;31,054398;34,247444;35,878579;36,037469;33,744189;31,470806;22,071217;30,687422;34,186831;35,033108;34,381196;32,050405;30,099608;21,616989;30,062195;33,258404;35,67211;34,684937;31,79617;29,411716;21,0568;30,060856;33,072956;35,092224;33,00602;30,743055;28,975568;20,458831;29,84494;33,156546;33,672702;32,625025;30,141247;29,705692;20,015282;29,474922;32,118263;32,921936;33,032418;29,568722;28,304229;19,359117;28,595959;32,030928;32,758275;32,634011;30,095444;27,360053;19,038942;28,037781;29,894465;32,297714;31,850973;29,441161;27,225372;19,05003;27,717776;30,339292;31,651879;30,29351;27,824377;26,440607;18,840914;26,724639;29,160128;30,409518;30,867697;28,203375;26,918705;17,872126;26,588824;28,886629;30,489056;30,124561;28,24815;26,418817;18,314049;25,807829;28,553057;29,369473;29,499923;27,018236;25,064588;18,036874;25,896956;27,909895;29,106592;28,237072;26,739616;24,930729;17,761418;26,02224;27,357115;28,873495;28,523416;27,327184;24,654385;17,471223;25,359425;27,313157;28,146921;27,902415;26,755599;25,50432;17,500494;24,636865;27,27472;29,284699;27,286333;25,65614;24,989753;17,576299;24,867382;27,95179;29,254713;27,311941;25,529483;24,312814;16,870202;24,741727;27,664302;28,306236;27,883378;25,84738;24,167819;17,569285;24,865999;28,435568;29,083473;27,244271;26,082793;23,985009;17,473629;25,528147;28,375473;29,141596;28,779659;25,65589;25,447932;17,036636;25,84275;27,591797;28,814679;28,39731;26,77835;25,186405;17,083272;26,112336;28,187847;28,694658;28,094769;26,784022;25,316903;17,235223;26,572207;27,850478;30,477836;28,933639;27,69647;25,5003;18,259188;25,860417;29,048655;29,412998;29,119294;27,33068;25,400414;18,449359;27,077821;30,533589;30,53767;29,422807;27,360219;26,314848;18,895381;27,915973;29,796261;30,621721;30,763551;28,773935;26,468314;18,834581;28,110808;30,971942;31,967722;31,687741;28,871711;28,105287;18,930927;29,110162;31,43372;33,508678;32,795728;30,714701;28,401012;19,810469;28,663831;31,596602;33,597258;33,243797;30,220879;28,470452;20,477551;29,946902;33,35054;34,128117;32,83997;31,402432;29,686778;21,025443;30,297936;33,774033;34,743154;34,729529;32,446617;30,294103;20,721605;32,118539;35,380599;36,510662;35,70097;32,152064;30,732281;21,450585;32,100182;35,382198;36,054516;36,274283;32,96858;31,892748;22,41696
10:00 - 11:00;27,111165;31,116512;32,825544;32,015482;31,171061;30,938341;23,906576;27,4208;30,82569;33,51615;31,797727;32,138886;32,654333;24,02754;28,201558;32,070365;34,369097;33,230346;32,210128;32,936759;24,555725;27,573463;32,424764;34,736199;33,886379;33,607948;33,647564;24,955949;28,705859;32,86253;35,305248;33,43767;33,142983;33,51849;25,185932;29,213537;34,077179;36,327353;34,176472;33,960325;34,955039;25,721992;29,269933;33,573071;36,10046;34,607273;34,25883;33,908136;25,730086;29,083513;33,753172;37,464048;35,810616;34,460327;34,568159;25,48815;30,406115;35,196083;37,766626;35,493022;34,465723;34,666542;26,534989;29,447642;35,068504;36,739339;35,753903;35,825468;35,428684;26,647539;29,780183;35,364275;38,070293;36,377234;34,654677;35,48541;26,909821;30,251903;34,896566;37,724557;36,31677;35,455832;36,175203;25,861484;30,327271;35,11405;37,685148;36,318435;35,861563;35,64962;26,901855;30,415298;35,365539;36,561065;35,783578;35,675213;35,515271;26,135208;29,910208;34,384874;36,795044;34,92671;34,530088;35,324697;25,757618;29,338274;34,831273;36,098536;35,107695;34,114772;34,561455;26,428345;29,969672;34,261987;37,094131;34,695962;35,103949;34,778957;25,198967;29,508389;33,73949;36,308782;34,241481;34,49087;34,845402;26,026793;28,600796;33,910187;35,605589;34,580521;34,453256;34,027366;24,752021;28,594122;33,250227;34,716479;33,036072;32,529336;33,894006;24,242016;28,16113;32,576462;34,529486;32,768508;33,067269;33,512892;24,06008;26,930623;32,13516;34,257581;32,8196;31,475931;32,513614;23,980335;27,245253;31,179305;33,865365;32,127107;31,677337;31,642016;23,328301;25,814546;30,092054;32,83745;31,576172;31,44148;32,010126;23,555779;25,432735;29,40248;32,303495;30,767223;30,468567;30,200589;22,899224;26,067386;28,725356;31,40202;29,592422;30,383304;29,985356;22,646969;25,349163;28,753721;30,847612;29,39273;30,157047;28,97843;22,376985;24,855671;27,784879;31,114498;28,715106;28,15059;28,438719;21,297109;24,491034;27,533952;29,47616;29,371729;28,519575;28,302686;20,591429;23,089216;26,933859;30,160793;28,801855;27,985162;27,871226;20,955628;22,993758;26,992055;28,444878;27,655222;27,574895;27,064427;20,31449;22,514184;26,098134;29,379605;27,172731;27,580075;26,467027;20,66759;22,931724;25,896367;29,118748;26,61975;26,786427;26,734959;20,319659;22,805732;25,74954;27,552112;27,304522;26,935618;27,485306;19,726125;22,673773;26,185558;27,906106;26,275545;27,0822;26,529825;19,412924;22,126827;25,447675;27,050724;26,932876;26,303848;26,375655;20,087596;22,426683;25,386225;27,323684;26,416419;25,804812;25,831371;20,14957;22,933426;26,105364;27,553989;26,432502;26,570273;27,174131;19,412542;22,117653;26,764579;28,038832;26,368513;26,03679;27,47635;19,744633;22,288496;26,14303;28,802982;26,986339;27,078558;26,296808;19,942646;22,867931;25,850993;28,144106;27,499264;27,548697;27,034176;20,722348;23,09685;26,254302;29,794888;28,531138;26,728425;26,797971;20,53244;23,068469;27,355524;30,25915;28,665366;27,801059;28,545365;20,753222;24,459322;27,464507;30,088356;28,143465;28,992109;28,622091;21,130387;24,543979;28,179856;30,783124;29,265082;28,584666;29,038166;21,364126;24,99364;29,196427;31,61065;30,026163;30,230014;28,953088;21,73215;26,098076;29,731334;32,413969;31,188749;29,601321;30,576144;23,149557;26,675965;29,732342;32,402703;30,951104;31,718824;31,33383;22,787836;26,95526;31,206311;32,925186;32,675742;31,011694;32,085136;23,801366;27,408365;32,573578;34,450555;32,619882;33,084488;33,319751;23,927779;28,75205;33,22234;34,277481;34,251476;33,304141;32,584741;24,123371;28,352547;32,493717;34,986246;35,055734;33,626729;33,849307;25,623847
11:00 - 12:00;28,343488;25,710503;28,880619;29,52178;31,689184;29,124534;21,104364;28,824458;26,423451;29,621912;30,200768;32,291829;28,984863;21,646304;29,260963;26,99669;30,801153;30,201599;31,692281;30,510896;22,499738;29,87592;28,159362;31,277257;30,913007;32,801724;30,672469;22,431912;29,85833;27,865702;31,415675;31,26323;33,926121;31,074984;23,093993;30,397233;28,31456;31,703259;31,99483;33,666798;31,500256;23,822108;31,213453;29,318752;32,418006;32,853001;33,617765;31,271564;24,065254;31,797506;29,218457;32,450493;32,425271;34,982362;32,323896;23,457314;31,222882;28,959879;32,27136;32,838419;35,327462;32,130425;24,684647;32,328623;29,404085;32,402619;32,841489;35,035933;33,147178;24,502983;31,990573;29,456167;33,120805;33,786328;35,154479;32,849392;24,799391;32,596164;30,102903;33,534644;34,181416;35,868027;32,860308;24,38363;31,72938;30,262624;32,940066;33,923286;35,452033;33,197598;24,670432;31,794065;29,678341;33,208668;33,308504;35,658397;32,089991;23,99176;32,018333;29,414547;32,774778;32,686027;34,858431;32,752509;24,019776;31,024882;29,797968;33,096711;33,031484;34,597407;31,945847;23,760743;31,215722;29,514386;32,241541;32,934324;34,806624;31,817171;23,596833;31,066797;28,429676;32,319625;32,472946;34,6792;31,312679;23,437552;29,902765;27,680435;31,002458;32,147462;33,818903;30,703516;23,52649;29,968483;27,46233;31,679172;31,38894;33,670352;30,529414;22,721421;30,262923;27,450709;31,261907;30,77417;33,135214;30,070093;22,725443;28,735561;27,604302;29,768755;30,147983;32,034335;29,113431;22,650415;28,323527;25,993988;30,233108;29,687977;32,026257;29,101907;21,874753;27,696439;26,55506;28,736358;28,702645;31,193374;28,234897;21,139673;27,084496;25,09678;28,887966;29,479872;30,764957;27,635421;20,94772;27,480444;25,321045;28,040828;27,667527;29,126928;27,007911;20,783776;26,843898;24,025926;27,118445;28,074919;29,595993;26,466188;20,344843;26,235128;24,61368;26,399715;27,270938;28,467603;27,162836;19,514661;25,018375;23,366828;27,281027;27,382138;28,019845;26,655967;19,909829;24,788403;23,71054;25,564272;26,540398;27,911766;26,036838;19,510806;24,755018;22,701783;25,909408;25,28754;26,482545;24,829319;19,058172;24,895375;22,650994;24,845592;26,001074;26,327201;24,967207;19,150069;23,552617;22,924388;24,923867;25,327183;26,388288;24,06673;18,022349;24,394716;22,49275;24,523581;25,144084;26,907452;24,599243;18,654541;24,0391;22,272909;25,136991;25,12125;25,718172;24,404132;18,274792;24,268571;21,859255;24,206054;24,611989;26,185684;23,900837;18,490391;24,143955;21,659278;25,265174;24,403685;25,782161;24,01016;18,523636;24,519848;22,146572;24,700185;24,502114;25,797824;23,891191;18,282556;23,865575;22,017333;24,294985;25,811949;27,026145;24,335519;18,23207;23,937426;22,727901;25,580157;25,279641;26,014051;24,995755;18,813514;23,825352;23,147567;25,514292;25,02246;27,262325;24,896343;18,742873;24,582077;22,807258;25,26493;25,8178;27,982937;25,588161;19,041292;25,806191;22,983279;25,455446;25,979114;27,338694;25,825282;19,362297;25,46046;24,240027;25,943443;27,242594;27,630955;25,53147;19,842656;25,683127;24,109042;26,708469;26,673593;29,547786;26,818931;19,426412;26,833326;24,730359;27,066051;28,116558;29,128447;27,315944;20,040881;27,915735;25,264855;27,669734;28,702202;29,300145;28,264224;20,935177;27,511692;26,001808;29,18001;28,469791;30,381582;28,142161;21,323918;28,230916;26,006858;29,095405;30,148871;31,801113;29,850776;21,719886;29,24169;27,641759;30,392842;31,181869;31,457142;29,336127;22,568192;30,517442;27,907179;30,621711;30,985382;32,168114;30,433332;22,806884;30,273659;28,087107;31,567863;32,181571;33,212066;31,421045;23,554765
12:00 - 13:00;28,832328;28,0805;31,341446;29,829663;28,63979;27,003236;23,791575;29,310498;28,188645;31,041053;30,236074;29,660149;27,915156;23,948868;29,456503;28,481144;31,363112;30,790405;30,749869;27,653593;24,861756;30,44265;29,588665;33,148579;30,834806;30,396053;28,889803;25,202334;31,101992;29,883886;33,63717;31,677118;31,552392;28,879871;25,781503;30,634751;29,778128;34,136314;32,552735;32,383087;29,022877;25,863406;31,401104;30,728135;33,9325;32,5844;32,402112;30,09308;25,484173;31,12869;30,111475;34,251396;33,181007;31,831187;30,463443;26,329901;31,43676;30,235809;34,93036;32,596687;33,094811;30,299565;27,034617;31,61289;30,93737;34,483044;32,945096;32,811283;30,922683;27,182548;31,566409;30,579181;34,779126;33,654912;32,875488;30,783198;27,112358;32,20294;31,685955;34,586237;33,96503;33,093687;30,987035;27,332842;31,819369;30,455035;34,253589;33,287086;33,411293;30,441932;26,645006;31,909655;31,074207;35,173338;33,407496;32,489404;29,966962;26,1104;31,481274;30,37885;34,096746;33,135984;32,486072;29,535927;27,099757;32,173492;30,21433;33,914507;33,342787;32,409115;29,736992;26,057148;31,440773;30,440254;33,598695;32,935096;32,504776;29,610028;25,548772;30,668055;30,035343;32,950684;32,914956;31,290298;29,423395;25,568137;30,952841;30,1667;33,772526;32,164744;32,169495;29,482535;25,000746;30,110277;29,572692;32,543073;31,217268;31,577168;28,700041;25,211656;29,936965;28,724318;32,017748;31,345309;30,036103;28,324102;24,783445;28,827426;28,686359;31,921147;31,02958;30,550845;28,268449;24,265259;29,08119;27,319609;30,484666;30,219034;30,27584;27,688555;23,763277;28,279415;26,815813;31,081509;30,161291;29,361343;27,080646;22,921441;27,070217;26,921066;29,734822;28,188066;28,187994;26,338794;23,503686;26,649429;26,642403;29,029941;28,244242;28,463912;25,579159;22,181677;27,379598;26,494195;28,725948;27,284213;27,699086;25,798791;22,131248;26,28438;25,940052;27,996263;27,282425;27,380971;24,120909;22,006534;25,006963;24,449126;27,469962;26,836121;25,895303;24,333222;21,303458;24,849076;24,034252;27,242764;26,778144;26,770619;24,578856;20,804824;25,289307;24,645499;26,549619;26,570862;25,623812;23,840789;21,050069;24,941938;23,846575;26,401584;25,264932;25,191258;23,552347;20,918606;24,129466;23,471499;26,319638;25,353449;25,090191;23,647789;20,762928;23,573822;23,58182;26,329125;25,613985;24,369177;22,17918;20,28335;23,485771;22,755392;26,392368;24,46001;24,509992;22,340522;20,089002;23,483815;23,24988;25,6744;25,521021;24,160699;22,50683;20,167278;23,381032;23,091508;25,374895;24,485541;25,328777;22,542493;20,230215;23,28021;22,738477;25,430219;24,703741;24,83941;22,742892;19,631914;24,171503;22,638024;26,509631;25,497564;25,380395;23,076303;20,577505;24,153482;24,026696;25,913785;26,049553;24,555838;22,41191;20,620006;23,888212;23,497895;27,235423;25,632943;25,99476;22,943559;20,018263;25,593803;24,352204;27,106551;25,616056;25,269105;24,075067;20,165781;25,462543;24,077358;27,836461;27,098339;26,024848;24,577848;21,38465;25,266965;24,369914;28,34646;27,525625;25,858855;24,929131;20,929705;27,01237;25,853164;27,67539;27,536786;26,719053;24,597499;21,309788;26,249723;26,688937;28,99758;27,921866;28,406244;25,235385;22,360794;28,018524;27,128149;30,068659;28,711186;28,436384;25,384936;23,028921;28,412599;27,748953;30,357382;29,452873;29,158018;26,054291;23,073239;28,94293;28,464213;30,4599;30,590641;29,237569;26,699384;23,67592;28,843087;28,278171;32,229187;30,358203;30,560653;27,94223;24,649702;29,946823;28,513205;32,796351;31,704661;30,367333;28,721084;25,30111;30,140857;30,17647;33,321436;32,247359;31,034936;29,491385;25,070265
13:00 - 14:00;27,153608;27,612311;29,873932;30,062621;28,800567;28,521049;23,105824;27,490704;28,401562;30,990496;31,04062;29,801375;28,989121;23,558223;28,937715;28,776045;31,516225;32,44148;30,122216;29,742517;24,276825;29,617819;29,181839;31,546652;31,903474;30,487708;30,808038;24,218811;29,843378;29,569913;32,461483;32,151028;31,165167;31,071259;24,952266;30,567315;30,322255;33,382552;32,898007;31,139791;31,618963;25,527683;30,186757;30,879022;32,631437;33,174819;31,862759;30,988872;25,877893;29,934171;31,529389;33,469262;33,503548;32,824784;31,987687;25,715533;31,323104;31,049424;34,375407;34,459571;33,092395;32,505893;26,509997;30,645455;31,176035;34,290431;34,489407;33,063837;31,433502;26,233607;31,364175;31,991321;34,289524;34,524858;32,932326;32,278682;26,534481;31,087319;31,943997;33,330592;34,363186;33,306781;32,372593;26,702684;31,230887;32,342261;33,59794;34,49489;32,72247;31,562818;25,917458;30,645505;31,995346;33,671042;35,060338;33,091158;32,019841;26,73947;30,48091;31,429841;34,499418;33,906069;33,032492;32,289947;26,448081;29,942274;30,995653;33,89252;33,965833;32,07529;31,602115;25,693814;30,051473;31,462687;32,809295;33,828697;31,423054;32,075953;25,465228;30,530048;30,120007;33,039401;34,167917;31,812696;31,438392;25,736216;29,195661;29,728666;32,566882;32,634901;31,763507;31,030715;25,576943;29,134513;30,173739;32,503569;32,54501;30,472527;30,274498;24,645083;28,387623;28,817746;31,128673;32,665079;30,805318;30,25194;24,854103;28,303259;28,863006;30,421115;31,565488;29,71577;28,922894;23,403447;27,231699;27,841481;29,727296;30,748081;28,794384;28,534831;23,023486;26,985615;28,593774;30,142729;30,810619;28,967047;27,68698;23,636473;27,033581;27,611193;29,332856;29,837949;28,358154;27,586611;22,500056;26,297534;27,129205;28,480618;29,399742;27,831894;26,708853;22,404463;26,007993;27,020655;28,520692;28,52847;27,468996;26,375993;22,416986;25,768703;26,249306;27,131258;28,50613;27,015071;25,596192;21,88283;24,785163;25,032252;26,51914;27,45135;26,802065;26,293655;21,140871;24,753016;24,516487;26,27857;27,483571;25,364507;25,304977;21,198526;24,802784;23,922152;26,029897;26,989177;25,212857;25,343287;20,680413;23,878177;23,933436;26,683887;26,495352;25,043757;24,894365;20,315273;23,638333;24,735322;26,297335;26,727484;24,019902;23,726763;19,360119;23,767882;23,590852;25,237351;26,095067;25,284772;23,754001;20,098658;23,037779;23,553024;25,878047;26,455492;25,144806;23,920999;20,101268;23,525116;23,025521;26,013451;25,827418;23,85456;23,507328;20,024268;23,688239;23,850035;25,376432;25,249995;24,649007;24,209847;20,147924;23,680704;22,94922;25,375673;25,489405;24,029297;24,170797;19,679565;23,00258;24,133858;25,08979;25,784136;24,177433;24,562256;19,75558;22,966355;23,862791;26,509715;26,282716;24,599775;24,148021;20,437449;24,205523;23,599849;25,917737;26,401273;25,779205;24,274572;19,629531;24,710297;25,304017;26,574957;26,72226;25,153251;24,474349;20,901841;24,323947;24,821198;26,625623;26,738561;25,523122;25,868292;21,366247;24,986678;25,066549;27,676943;27,897473;26,119126;25,368151;21,099858;24,923142;26,373392;27,95807;28,917918;27,173012;26,89245;21,016351;26,663901;27,201919;28,944401;28,266076;27,052093;27,657255;21,921868;26,783695;26,997785;28,527905;29,48166;27,309658;26,89321;22,021642;27,309552;27,168333;30,285323;29,708643;28,096121;28,379271;22,667503;27,940451;28,211377;29,979439;31,165683;29,525179;29,074045;24,089292;28,060828;28,852365;31,496248;32,034108;29,479236;29,497082;23,878276;29,009315;29,808322;32,530317;32,850125;30,085637;30,84924;25,143137;29,919708;29,972249;32,449585;33,277424;31,248448;30,447551;25,479044
14:00 - 15:00;29,267242;27,748596;31,141347;32,152935;30,581857;27,818092;23,751909;29,242332;28,716967;30,499212;33,238009;31,654713;28,018106;24,802271;30,403397;29,085296;31,982325;34,572371;32,947953;29,140281;25,200817;31,307382;30,006083;32,529892;33,82158;33,141754;28,80434;25,603739;31,526774;29,558325;33,127757;35,125917;32,639223;30,137677;25,90484;31,519063;30,325212;32,903397;35,466899;33,094039;29,654467;26,299248;31,776352;30,662394;33,343734;35,566678;33,552693;30,3426;26,944695;31,911505;31,615404;34,396388;35,671653;34,46438;30,302131;27,053137;32,52269;31,98146;34,303944;36,367289;35,100144;31,438581;26,72505;32,473761;31,836999;34,442204;36,883142;35,311594;31,198918;26,880343;33,410608;31,639106;35,002407;36,644847;35,514767;31,469516;27,083554;32,281986;31,935388;34,880599;36,758441;34,357925;31,340676;27,64184;33,198085;31,285363;35,038185;36,997532;34,434697;31,002382;26,993863;32,702887;31,094502;34,739851;36,456075;34,678127;30,638424;27,12341;32,011196;30,96827;34,121501;35,899016;34,225652;31,475586;26,810975;31,768815;31,564458;33,959321;35,991294;34,667896;30,656838;27,458667;32,692007;31,528718;33,963644;35,997006;33,556024;30,96112;26,908836;31,551982;30,657917;33,659959;36,241121;33,406818;29,899656;26,595468;30,545239;30,484628;32,885101;34,331519;33,306974;29,978071;26,4796;30,880346;29,233572;31,690582;35,360718;32,293029;28,593687;25,832297;30,722755;28,689786;31,512047;34,070142;33,147954;29,467345;25,498879;30,463597;29,066722;31,926681;32,914246;31,354326;28,603752;24,767122;29,594733;28,588321;30,671628;33,073747;31,681236;28,236706;24,053233;28,586878;27,980062;30,05433;31,803255;30,906687;27,260828;23,535203;27,84314;26,994635;29,01149;32,264116;30,018286;26,545378;23,940237;27,898943;26,895527;29,649783;31,287288;29,138838;26,381841;23,733639;27,90752;26,102886;28,856106;30,259841;29,562725;25,805101;22,466634;26,93334;26,5575;28,647117;30,76479;28,153456;25,223811;22,766278;26,893874;25,190329;27,634235;29,765318;28,799404;25,041111;21,535152;25,433573;24,257078;26,791997;29,489245;27,463936;24,063948;22,069525;25,79096;25,189345;27,105937;28,294541;26,734034;23,473513;21,342086;25,736683;23,677903;25,744582;28,853236;26,278546;23,607905;21,518339;24,965022;24,192448;26,659964;27,166065;25,825301;23,621578;21,149639;23,851733;23,558508;26,107193;26,963052;26,540028;23,379679;20,07132;23,840516;24,290485;26,152951;27,85596;25,514666;23,418966;20,177608;24,238591;23,710939;25,319949;27,993399;25,627737;22,949299;20,096605;24,668334;23,008671;26,060606;26,567902;26,571094;23,223194;20,644932;25,032684;23,468072;26,042758;27,682573;25,394554;22,87473;20,723126;24,348864;23,507412;25,706998;28,467649;26,637832;22,721656;20,589584;25,382811;24,517506;25,913442;28,2232;26,323207;23,461469;21,042582;25,029968;24,457801;26,552301;28,12967;27,258286;23,455089;21,604822;24,992991;25,313424;26,762362;28,279743;27,174046;23,971608;20,886067;26,211958;25,204705;26,641744;29,371744;27,659456;24,523274;21,810424;25,570479;26,184413;28,100849;28,813407;28,139512;24,580362;21,564804;27,294057;25,848519;28,150825;30,209442;28,473359;25,044749;22,908913;27,891239;26,270388;29,097321;29,945647;29,463216;26,514663;22,865574;28,38324;27,187103;29,350241;30,810082;30,570755;26,950593;23,007228;29,082138;27,782261;29,332067;32,758095;30,618133;27,203455;24,359415;29,744455;29,035718;30,83859;33,023691;31,958388;27,559742;24,600932;29,525369;28,594998;31,28979;32,926788;31,669333;27,721618;25,136206;31,200909;30,041694;32,850825;34,298637;33,327401;29,641039;25,207099;31,248486;29,666416;33,526842;35,123239;32,687103;29,424902;26,054998
15:00 - 16:00;33,097969;32,580432;33,915313;35,854128;34,959746;26,96969;25,90198;33,824631;33,107263;34,037643;36,453557;35,582953;27,801648;26,379792;35,355809;33,88492;34,555575;37,275513;35,92121;27,895745;26,303009;35,500946;34,366638;35,506584;36,988975;36,916139;28,582269;27,309272;36,791847;34,276389;36,55473;37,696457;37,846276;29,110268;27,387672;37,012733;35,004774;37,443;38,403469;37,590438;30,024356;27,721066;36,53621;35,540048;37,893309;39,815589;37,705766;30,317441;28,464942;37,71023;35,227864;37,615005;40,248989;37,832303;30,119258;28,506383;36,922121;36,016387;37,350074;40,439671;39,1511;29,990381;28,287039;37,763473;36,460738;39,002652;40,196843;39,071978;30,631377;28,675771;37,602361;36,514319;37,582799;39,876896;39,776611;30,227255;29,282053;38,302993;36,7976;38,981032;40,670247;39,553279;30,904871;29,671743;38,073766;36,479768;37,628424;40,146032;40,003685;30,53248;29,727623;37,616652;36,07777;37,624671;40,275359;38,893384;31,044386;28,662932;37,523525;35,604886;37,535016;39,928163;38,272632;30,698378;29,184576;37,353757;35,600384;37,348867;39,989917;39,006757;30,638639;28,977518;37,182067;35,301395;37,208266;39,769441;37,702128;29,914724;27,778345;36,268688;35,107061;37,142894;38,559433;38,313631;29,626984;28,662125;36,085642;33,704784;36,900269;37,453529;36,875033;28,783854;27,138215;36,175133;33,605925;35,356447;37,392767;37,179114;28,256596;26,731672;34,848684;34,158751;36,3376;36,544858;35,924721;28,381693;26,809194;35,147026;33,47868;34,74255;36,233477;35,542677;27,349274;26,206194;34,206701;31,659147;34,083;36,762485;35,520891;27,568408;25,826768;33,866797;32,407858;33,662276;34,398975;34,285219;27,249891;25,823759;33,489936;31,438399;33,732699;34,671945;33,225204;26,189132;24,838177;31,655274;30,59363;33,231804;33,658998;32,605246;26,421972;24,580881;32,271976;30,444781;31,743418;32,665572;33,157585;25,71084;23,894298;31,659052;29,919036;31,226258;32,16326;31,683233;24,53355;24,300743;29,857926;28,608094;31,201883;32,687989;31,546595;23,925042;23,808801;29,369608;28,061414;31,047047;32,473241;31,400244;23,502479;22,451504;30,154755;28,379066;29,591591;31,916955;30,692616;23,949956;21,94419;28,419287;27,760274;29,392872;30,560003;30,925553;22,911135;21,855539;27,874185;27,625876;28,223652;29,847849;28,98026;23,120727;21,592694;28,975606;27,501677;28,841058;30,010558;29,324281;22,668746;21,552255;28,969619;26,622689;29,087338;30,363902;28,577904;22,943772;21,479508;28,624018;27,129755;28,960228;29,980949;29,191573;22,250096;21,706311;27,992478;26,783718;28,869446;29,722602;29,124946;22,047935;20,967648;27,574745;26,602721;28,248158;29,828457;28,719189;22,114353;21,382507;28,603217;27,651315;29,348293;30,55507;28,907806;22,607481;21,729585;28,989925;27,35518;28,942544;30,678502;29,527117;23,391729;21,925001;28,191183;27,849483;28,869898;31,050886;30,374524;23,942404;22,515142;29,348477;28,739991;29,78324;31,369817;29,814115;23,584399;22,18081;30,078584;28,534242;30,890191;30,715745;30,786619;24,145887;23,054829;30,72823;29,438296;30,039816;32,406284;31,995117;25,148149;23,527377;31,020872;28,889312;31,641559;33,159618;31,707014;24,91837;23,431535;30,82613;29,600629;31,526034;33,807319;32,949073;26,228149;24,421075;32,799289;30,156861;32,555758;34,13567;34,022667;25,867101;24,926335;33,086752;32,050599;32,691065;34,884226;33,441418;26,861173;25,043337;34,787188;33,090841;34,238349;35,78676;35,843036;27,737744;25,831975;34,963286;33,406805;34,647064;36,466549;36,752478;28,139718;26,669282;35,63918;33,361067;36,36051;36,735991;36,97428;28,651238;27,402683;36,922594;33,9142;36,300668;38,314127;37,898167;29,490136;27,293449
16:00 - 17:00;41,624749;36,456474;38,045725;42,280406;40,33324;28,694641;30,530026;41,061807;37,756986;38,478803;42,040325;40,532663;29,399882;31,662589;43,069351;38,549154;38,7225;43,315088;42,247091;30,014718;31,524947;43,275513;38,683223;40,730226;42,723434;43,267032;29,428122;32,394368;43,993657;39,166773;41,057504;44,021858;43,591972;29,797555;33,086973;44,055398;40,459707;40,850012;44,511165;44,511688;31,373842;32,669629;43,793522;41,04652;42,325842;44,745171;44,965463;31,13447;33,388493;45,899498;40,888608;41,561577;45,568072;44,525461;30,995169;34,640229;44,945131;40,823152;42,560095;45,432206;45,16597;31,353029;33,626191;46,445121;41,465084;43,070317;46,269969;45,40749;31,512519;34,026597;46,350815;40,863927;42,28095;46,297668;45,241751;32,161283;33,987128;46,146612;41,082089;42,473235;46,524224;46,06603;32,656781;34,990753;46,841644;40,70357;42,80021;46,171455;44,796747;31,819473;35,10571;46,468563;40,686574;43,084032;45,956532;45,622042;31,366227;35,070123;45,603642;40,384473;42,349877;45,903102;44,094745;31,790346;34,405219;45,308139;41,634815;41,872362;45,124817;44,690807;31,166973;34,1514;44,962686;40,12828;41,247872;44,697471;44,907981;30,667926;33,056946;44,974268;39,27575;41,837452;45,359081;43,896426;31,252188;33,391079;43,279468;40,26035;40,858522;45,536706;43,684145;30,429232;32,880949;43,446176;39,368194;40,76489;44,668018;43,515947;29,409154;32,783181;43,454609;37,900918;38,767292;43,714663;41,656843;30,044836;31,251651;41,305685;37,121299;38,133656;42,002664;40,773389;29,60921;30,884693;40,781409;36,947119;38,304391;42,657903;41,317425;28,374447;31,220958;40,86303;35,784627;37,648287;41,179274;39,688611;27,554059;31,031062;40,140373;36,439225;36,47117;41,042196;39,083611;27,042655;29,155837;38,550694;35,718516;36,779966;40,048085;39,36117;27,718936;29,001429;38,777986;34,237406;36,26203;39,104413;36,956678;26,756231;28,139021;38,405293;33,217307;35,52861;37,736566;37,298574;25,3368;28,894682;36,752734;33,687429;34,313976;36,645973;36,045241;26,22526;27,352324;35,383097;32,900879;32,858171;36,805943;36,198325;25,774802;27,540915;36,424238;32,627449;32,950706;35,48956;34,9313;24,30938;27,253065;36,200927;31,4742;33,30264;36,649913;35,441788;25,068454;25,811102;35,30518;32,060152;31,994222;35,05544;34,624759;23,647368;25,708334;33,801745;30,393433;32,734822;34,585557;33,37141;23,279797;26,125582;33,391157;30,20594;31,766486;34,949092;32,877995;24,463826;26,392507;34,290014;30,972597;31,569404;35,494236;33,186;23,462796;25,779684;33,260347;30,564161;31,400361;35,593099;34,435684;23,137464;25,217452;35,200857;31,134191;31,591569;35,258912;34,210542;24,241969;26,463666;34,142934;30,718806;32,774745;34,058876;34,229876;23,356998;26,151759;34,828122;31,338601;33,362929;34,590657;34,069247;23,714693;25,945406;35,934737;31,475636;31,798804;36,338923;34,02393;24,498827;26,399104;34,793181;32,263765;34,21473;36,570707;35,917403;25,082929;26,564416;35,56502;32,562252;33,716596;37,231449;34,951113;25,215127;27,730595;37,166255;33,287915;33,964746;37,521618;36,615897;25,861781;28,137611;36,645289;33,955868;34,459922;39,267134;37,567778;26,799342;28,6925;38,118479;35,527647;35,529144;39,039937;38,649402;26,444998;29,568304;40,189247;35,417601;36,234241;40,693481;39,538201;27,115348;29,293066;40,413224;35,41155;36,724996;40,164966;39,409778;28,689415;30,788025;40,543175;36,477506;37,667102;40,785995;40,836142;28,855792;30,326779;42,229656;38,869482;39,151763;41,812163;41,376698;29,831261;31,837987;42,581423;38,503571;39,135052;43,245422;41,69313;29,279566;33,126864;44,818477;39,657687;41,109754;43,819743;42,678948;31,106647;33,591424
17:00 - 18:00;38,38051;35,613401;38,399584;43,271003;40,04458;24,336775;29,011225;39,138989;36,625149;38,287671;42,789872;42,066941;24,350956;30,549345;39,946447;37,843816;38,637912;44,110367;42,627109;25,112484;30,383333;39,840707;39,059736;40,009185;45,064749;43,812684;26,143592;31,42696;41,515826;38,698986;39,696928;44,967066;44,229956;26,25553;31,486073;41,684093;39,729111;40,553891;45,338689;45,158222;26,226339;31,978642;42,358506;40,643535;41,71081;46,419411;45,4714;26,362926;31,87309;41,999836;41,160011;42,711709;47,261962;44,909738;27,24763;32,217242;43,610642;40,039291;42,570253;47,82964;46,806905;27,018482;32,711975;42,841948;41,270215;42,54337;47,442501;45,318615;27,419302;33,386458;43,512852;41,120039;41,90645;47,408128;45,459406;27,272547;32,628852;42,803726;40,691623;43,328819;47,398115;46,114806;27,147242;32,695895;42,428456;40,520063;43,06195;48,505792;46,31904;27,108886;32,840027;43,855195;41,672401;43,04862;48,461336;47,039962;27,314863;33,67473;42,769162;41,260468;41,711946;47,008457;45,255318;26,923506;32,331733;43,213585;40,135847;42,625339;46,935417;45,969806;26,976829;32,634095;42,37923;39,193839;41,811205;46,135373;45,250628;26,991614;31,661859;41,096588;39,716932;41,377452;45,470302;43,78439;26,644543;32,215243;41,402462;38,457513;40,778803;46,248042;44,342053;26,849618;31,333723;41,385837;39,115387;40,832205;45,51594;42,843707;26,497156;30,850136;39,096225;37,885706;38,648768;43,733529;43,021334;26,057472;30,731197;39,401762;38,20375;39,571909;44,44823;42,630875;25,052587;30,083528;37,836456;35,908497;37,696888;43,642401;40,475675;24,07674;29,771057;38,57631;36,204327;36,805209;42,984047;41,511368;24,273639;29,225287;36,59003;34,603609;35,880439;40,620889;39,834873;23,309612;28,408651;35,847543;35,246169;35,83601;39,750272;39,415113;22,903259;27,565892;36,005743;33,803244;34,534206;39,416418;38,78021;22,649032;26,997436;34,830683;33,274197;35,379399;38,275471;37,848641;22,022189;26,452028;34,982945;33,439546;34,374607;37,945794;36,787024;21,432257;25,806697;34,361384;32,314536;34,099448;37,557522;36,8455;21,212489;26,175807;32,788695;31,734359;32,723187;37,184977;36,792048;21,90657;25,975391;33,198792;31,161059;33,279658;37,464635;35,11863;20,475796;25,913068;32,307074;30,179398;32,671745;37,297035;34,295621;21,2746;25,422257;31,975494;30,460059;32,767477;37,002878;34,85507;20,928445;24,861141;32,550391;30,245361;31,23393;36,887819;35,203933;20,056917;24,845723;32,8204;30,073747;32,266723;35,234419;34,107238;21,042032;25,095238;32,940415;30,238631;31,246152;34,871086;33,895164;20,982;24,077937;32,034111;30,749985;32,37208;35,043625;34,234466;20,051398;24,245124;33,109613;31,020575;31,880124;36,643247;33,836327;21,208007;25,588109;31,892626;31,97598;32,676411;35,439636;34,391505;21,215765;25,411905;33,646077;31,349174;33,550977;36,411061;36,508329;20,802857;24,99141;32,738263;31,136557;33,101396;38,188984;35,573855;21,160689;25,291391;33,24956;32,874109;33,638565;37,33629;36,479665;21,89118;26,527662;33,793096;32,288587;34,135785;39,526378;36,59651;22,515017;26,375102;34,841274;33,581486;34,402676;39,382095;38,497356;22,330266;27,301663;35,232637;35,163382;35,902636;39,554565;37,927809;22,592513;27,098982;36,048663;34,501154;35,527632;41,846891;40,327635;23,719602;28,381623;37,826357;36,580463;36,326724;43,016206;39,537552;23,986356;28,545921;38,221437;37,124604;37,291181;44,158296;41,353832;24,543722;30,11244;39,637274;38,004972;38,387287;44,389088;42,712128;25,556785;30,877945;40,12805;38,460263;39,010758;45,615291;42,901084;25,189455;31,791019;41,769378;40,127667;41,575748;45,259555;44,750264;26,833619;31,990591
18:00 - 19:00;36,650661;35,129961;33,679368;40,369463;36,745125;24,32193;30,988323;36,887186;36,397111;34,681694;40,801396;38,557958;24,483793;31,345902;38,165897;37,60465;36,151053;40,329369;38,025717;25,505631;32,153488;38,15505;37,247749;36,625786;42,280693;39,382784;26,441855;31,912601;39,501728;38,653247;37,678993;42,090778;40,907814;26,630036;32,882151;39,623218;38,379551;37,126482;42,649711;41,202921;26,300891;34,122486;40,533749;38,908497;38,345117;43,467585;41,393958;26,686882;33,608701;41,41813;39,280494;37,911816;44,161794;41,454072;26,787779;33,351205;42,114398;40,047885;38,320635;43,387973;42,792398;27,980355;34,209854;41,268032;40,177667;38,449604;45,338869;41,441763;27,738371;33,986297;41,349023;40,524541;38,149672;43,723872;42,970586;28,092884;34,672597;41,713166;40,974763;39,704898;44,663908;41,70399;28,363888;34,321844;41,444677;40,956408;38,212492;44,70716;43,229119;28,134836;35,444929;40,74667;39,770127;38,630977;45,34648;42,261686;28,0626;34,613082;42,289768;40,172551;39,241071;43,834394;42,654066;27,526994;34,875045;40,237376;39,090569;39,212563;44,648725;41,630833;26,983757;33,5872;40,303029;38,516187;38,418468;44,184527;41,336802;27,423197;34,004045;40,739718;38,457525;37,079343;43,107473;41,66406;26,494937;33,46905;40,16172;37,808304;36,397601;42,937282;40,089861;26,133513;32,526439;38,437423;37,593015;36,962529;42,633288;38,937236;25,939092;33,187158;38,383736;36,825269;35,912514;41,290249;39,769224;25,56218;32,467904;37,851255;36,877359;36,045729;41,445054;39,235534;25,213252;31,362633;36,757352;35,273001;35,495827;40,339114;38,183279;25,349169;31,300229;36,374137;35,148004;34,546615;40,062523;36,636976;24,640446;30,69753;35,597103;35,117733;33,082159;38,051144;37,105522;24,493698;29,83535;34,460064;33,594096;32,351293;36,753763;35,357951;23,705769;29,588662;34,7831;33,709365;31,769146;37,758285;35,753316;22,83374;28,737109;34,484573;32,626707;31,258966;36,92095;35,348586;23,212776;28,835618;32,974758;31,777908;30,552912;36,230636;33,26752;21,879084;27,839824;32,075484;31,063209;29,92181;34,36575;33,739;21,932755;27,143979;33,185778;31,938668;30,015767;33,88485;31,948129;22,024485;26,633913;32,257204;30,086978;30,234071;34,656036;32,564876;21,773165;26,324104;31,962135;29,851735;29,796212;34,657011;31,215648;20,681931;25,753141;31,151231;30,578074;29,736507;33,636072;32,66904;20,363788;25,958058;30,650845;30,591644;28,950923;32,823514;31,625511;20,848359;25,718698;30,771495;30,589385;29,32488;33,37801;32,285545;20,699123;26,037637;30,186087;29,477545;28,606496;33,947375;30,854217;20,216232;25,366329;31,957759;29,178087;28,310563;32,899311;31,823361;20,606621;25,568689;30,423114;29,508401;28,749304;32,949213;31,965151;20,43229;26,672727;32,156473;30,47049;30,28946;33,938058;31,373947;20,495537;25,740861;32,387102;30,225929;30,197025;33,960298;31,944096;21,253002;26,810287;33,146363;31,09493;30,748801;34,496419;32,878458;21,759794;26,421832;32,148657;31,388537;31,058819;34,776669;32,65926;21,649974;26,667869;34,465139;32,253937;31,501718;36,246818;34,529908;22,627545;27,853257;33,402528;32,747285;32,429595;37,188072;35,44989;22,692595;28,060912;34,445862;34,233874;33,099755;37,464371;35,309612;23,560492;28,298012;35,604063;35,040323;33,360808;38,848025;36,767003;24,210253;30,034149;37,244909;34,944579;33,84859;38,938162;36,074348;24,659961;30,082916;36,41932;35,451223;34,000425;40,161788;38,752587;24,203182;30,287087;39,135194;37,274656;35,816386;41,193207;39,103428;24,855175;31,941736;39,481778;38,416277;37,39241;42,376435;39,948064;25,613118;32,439849;39,959262;37,543208;37,73723;43,563807;39,643444;26,200553;33,792192
19:00 - 20:00;37,829674;34,840115;33,174231;38,649813;37,483554;22,426032;30,814854;38,705563;35,793119;34,045828;38,277299;39,363842;22,883046;31,468749;38,219974;36,064341;35,425274;40,290911;39,596327;23,609705;32,798999;38,89282;35,824921;35,892645;39,5322;40,9215;23,18698;32,617773;40,265176;36,752902;35,925067;40,854416;40,799499;24,028474;33,93522;40,467315;37,516791;35,81566;41,604805;41,699019;24,423465;33,965865;41,26347;38,240097;36,691569;41,300091;41,077698;24,740224;35,038664;41,821535;37,696714;36,800426;42,16147;42,412661;25,387265;34,115434;41,521461;38,293508;37,570763;41,983117;42,601332;25,110518;34,459233;42,184737;38,407203;37,167009;43,08395;42,727968;24,741105;35,858419;42,836412;38,406899;37,59241;42,396741;42,942842;24,996863;35,388233;43,084217;38,388383;37,046632;42,089211;43,018244;24,79238;35,343813;42,84592;39,761517;37,643088;43,863385;42,690155;25,590906;35,24773;41,516488;38,586323;37,925114;43,27178;42,680015;25,223783;35,770183;41,318192;37,98589;38,170589;42,2699;42,496217;25,129481;35,375576;42,465085;39,008077;37,153035;42,443555;42,099671;24,74052;34,168345;42,370113;37,748313;36,879844;41,720026;41,11061;24,51175;34,935656;41,85345;37,973312;35,7884;40,935072;41,014559;24,070098;34,4189;39,638531;38,069252;35,869591;41,317232;40,545173;24,32584;32,919232;39,794757;36,60769;35,373819;40,209488;40,075064;23,776742;33,455313;39,068473;35,585898;35,288123;40,504931;39,093875;23,23901;32,608374;37,915862;35,476619;34,293573;39,048671;40,025718;22,861725;32,096834;37,830585;34,213679;34,305257;39,068183;38,048405;22,152726;30,938923;36,638202;34,088149;33,639417;38,104839;38,644256;22,029498;30,35093;35,717693;34,333869;31,802142;36,21439;37,304983;22,072159;30,368561;35,179749;33,408278;32,192322;35,827908;36,531232;20,879675;30,258795;36,11735;32,417068;31,903599;35,819233;36,504037;20,785399;29,47697;34,269885;31,244884;30,380369;34,952879;35,19767;20,945714;28,308196;33,904996;30,783309;29,996251;35,027583;34,479174;20,115413;27,822917;33,867603;29,968877;28,985294;33,924888;34,697612;19,595702;27,99109;32,161692;30,132216;29,974212;32,616401;33,309151;19,895961;27,279321;33,468863;29,659165;29,144361;31,98149;33,209234;18,805127;26,4955;31,363492;29,968257;27,981616;31,798149;32,034034;19,548821;26,277057;31,016383;28,837928;28,042893;31,249901;32,403487;18,907677;25,925254;31,879537;28,821976;28,394424;32,50806;31,374782;18,835316;26,740925;32,251945;28,793229;28,451442;32,649472;32,80381;18,429618;25,980845;32,43844;28,143556;27,331129;32,496734;32,774662;19,044507;26,447446;32,188926;29,229474;28,156661;32,489401;32,058522;18,643733;26,674092;31,75035;29,703367;28,801082;32,087677;33,006184;18,711958;27,090526;32,222859;29,511248;28,016905;32,15498;32,115113;19,692068;27,107958;32,599378;29,981955;28,177905;32,939033;32,327794;19,533362;27,720195;32,682425;30,369463;28,568654;34,207927;34,29777;19,25616;26,761347;33,162696;30,570628;29,216825;34,187768;33,617214;20,507632;28,23559;33,761708;30,685545;29,848234;34,315545;35,269372;20,809201;28,209143;35,644339;32,025897;31,526084;36,042609;35,148532;20,361578;28,641874;35,015959;32,957756;32,184413;36,685511;36,688426;20,60721;30,16487;36,010167;32,686926;32,387761;37,109281;37,749338;22,060335;30,497216;36,666504;33,94749;33,512007;38,33857;38,058698;22,118421;30,503527;37,607587;34,146478;34,303507;37,760447;37,737503;22,982872;30,728179;38,155704;35,724857;34,165344;39,716493;38,723752;23,006002;32,005337;40,390961;36,463875;34,975772;40,651248;40,822387;24,233843;33,095486;41,39789;36,760975;35,401889;40,650213;40,569579;23,961743;34,017031
20:00 - 21:00;35,173708;36,232225;35,805356;38,353238;38,049299;19,641144;29,331382;36,07275;38,049497;36,57927;38,842875;39,445726;20,773373;30,905065;37,218098;38,117363;36,975716;41,211146;39,902687;20,408121;31,092888;37,617421;39,099631;38,909646;40,374178;40,954999;21,352284;31,917533;37,884086;38,50274;38,14102;42,789133;41,266627;21,690352;32,286412;38,894001;40,448296;39,106274;42,244985;41,227082;21,803757;32,055271;38,68998;40,484848;40,386448;42,382137;41,724172;21,964388;32,345692;39,722752;39,938045;40,674994;44,055721;43,228552;22,505336;33,722179;38,873296;39,948787;39,93556;43,418397;43,339457;22,857833;33,541986;40,275719;40,953788;40,251655;44,546541;42,298458;22,232752;32,978015;40,401005;41,315257;40,501192;44,115153;42,353349;22,891394;33,784143;39,254587;40,511466;40,745173;43,332937;42,606055;22,263481;33,552891;39,417211;41,699076;40,604706;43,700775;43,683203;22,437608;33,641949;40,151401;40,38151;41,225518;43,90969;43,853008;23,056533;33,40362;38,991371;40,43347;41,374898;43,936907;43,087417;22,825875;33,912578;38,812078;41,056772;39,560931;42,556671;42,998547;22,893707;33,077571;39,457326;40,831857;39,231903;43,747864;42,853558;21,689745;32,9783;38,410394;40,327985;40,066834;42,104315;41,259;21,673199;32,038083;37,242865;40,175155;39,592029;41,289046;41,145976;21,326608;31,387019;36,929895;38,63979;38,403512;41,132631;39,682119;20,90757;32,224708;36,543936;38,34361;37,579744;41,377327;40,113483;20,923093;30,72482;36,469101;37,282631;37,559985;39,364553;38,877124;20,695633;30,622301;36,100868;36,821546;36,300437;38,638459;38,444269;20,729991;30,119861;34,318187;36,681735;36,848471;38,353114;36,904936;20,006864;29,153305;34,966891;35,474226;35,657142;38,666453;37,319014;19,3879;29,099111;34,657382;34,79004;34,735084;37,748422;36,009964;19,441706;28,356214;33,17888;34,20711;33,669592;36,762086;35,940031;19,116211;28,050201;33,239254;34,151015;32,903334;36,642933;35,679428;18,902875;27,406176;31,775724;33,715671;32,534601;34,81546;34,098108;17,734508;27,396197;31,224135;33,134352;31,812587;34,090154;33,900078;17,407252;25,844648;31,404313;31,665239;31,173806;34,9301;33,586132;18,081013;25,506495;30,186243;31,031072;32,007727;33,818124;32,881371;16,896655;25,945434;30,292304;31,067371;30,398083;33,832189;32,720045;17,574745;26,044386;30,771455;31,496889;31,60036;33,162923;31,803481;16,806303;24,487183;29,475418;30,667474;30,314708;33,40814;32,178816;16,753875;24,822179;29,993445;30,452842;30,104993;31,781203;31,550022;17,108044;24,45886;29,147169;30,158131;31,410251;32,681999;32,243259;17,244752;24,286078;30,346647;30,414815;30,163872;33,521855;32,274488;17,047788;24,922978;29,93181;31,107996;31,410525;33,007315;32,467809;16,859595;25,485911;29,806206;32,010822;30,636153;33,293314;32,121682;17,306415;24,993714;30,476202;32,350289;31,801362;33,134288;33,306667;17,361366;25,281815;30,995546;32,915245;31,45782;33,269617;34,027859;17,14282;26,325065;30,806983;31,974309;31,817538;33,935817;33,472546;17,766256;27,287747;31,547876;33,324899;32,12828;35,000507;33,62075;18,259247;26,340649;32,771503;33,721912;32,719762;35,691605;35,782155;18,423341;26,802716;33,0432;34,979884;34,821025;37,690658;36,219709;18,482257;28,546702;34,595575;35,291025;35,041814;38,420341;36,559176;19,654655;28,082361;35,051983;36,939376;36,315121;38,81995;37,447819;20,253214;29,713537;35,351379;37,014484;37,499998;39,616163;37,561183;20,180078;29,510176;36,465847;36,836573;37,42392;39,510286;38,70459;21,190566;31,219541;38,265929;37,827882;38,641269;40,688928;39,293677;21,393177;31,21533;38,289991;39,541612;38,5394;41,383184;41,555194;21,985847;32,930839
21:00 - 22:00;39,685931;39,42761;40,059815;42,262536;37,851683;17,68623;28,371793;39,46561;39,2495;39,47878;43,617255;39,045232;18,330918;29,557243;40,940261;40,201132;40,521555;43,393875;39,167331;19,108887;29,566087;41,419279;41,959569;40,625522;44,332674;40,77698;18,972511;30,119793;41,888714;41,203594;41,513425;44,091857;40,660285;18,897482;30,90004;42,975375;43,558168;42,758228;44,980844;41,405632;19,702322;31,601967;43,536132;42,432054;43,163238;47,248373;42,90598;19,748351;32,015232;43,051179;44,249515;44,249903;46,342248;42,569162;19,848266;31,350742;44,52556;43,356071;43,666088;46,127414;42,730367;20,008731;31,681766;45,446416;43,937149;45,21506;47,829843;43,982346;20,507522;31,773141;44,60561;44,171917;43,580476;46,465614;43,430555;20,651049;31,901256;45,50915;43,754321;44,22683;46,977375;43,327568;20,205464;32,580343;44,875456;44,49829;44,027189;46,795228;42,575159;20,650439;33,159761;45,378891;43,682669;45,04208;47,215195;42,44848;20,027416;33,023511;43,427626;44,164563;44,213589;47,852352;43,34241;20,274571;32,831649;45,065305;44,161589;44,156891;45,94599;42,693075;20,112109;32,715388;43,445799;43,034522;42,582204;46,560423;41,732533;19,864815;31,307555;42,519269;42,911965;42,192754;46,174368;42,179326;20,016372;31,319547;43,556994;41,706516;42,734194;45,160332;41,648316;18,977975;30,37355;42,438782;42,196983;41,226525;44,799991;41,489275;18,896524;30,112014;40,625029;41,586462;42,066166;44,287296;40,693384;18,855162;29,62887;41,277682;40,188863;40,979887;43,399444;40,025806;18,603791;29,299592;40,067597;40,025399;39,938614;42,605456;38,371237;17,90248;28,656606;40,218226;39,069638;38,571285;41,473017;37,413869;17,604631;28,969524;39,433165;38,693285;38,335531;40,652635;37,940308;17,613546;28,173326;37,554653;37,38045;37,330184;40,380381;37,048402;17,641623;26,968877;36,91416;36,509309;36,973954;40,484088;35,188193;17,221044;26,4421;37,05793;35,65227;36,622498;39,506226;34,599541;17,042046;26,921258;36,283536;35,769009;36,053526;38,307225;34,431285;16,021818;26,659667;34,911462;33,91109;34,367055;37,494675;35,18148;15,905777;24,961222;35,057654;33,620679;34,747304;36,523002;32,875895;16,193972;24,929033;35,110682;34,815563;34,353078;36,927933;33,338084;15,854902;25,130296;34,212777;33,016781;33,881273;34,996484;32,904182;15,216197;24,206967;34,057626;33,901083;33,495226;34,970788;33,123266;15,224967;23,755639;32,377961;33,748571;33,870791;36,217014;32,27961;14,907602;23,80431;33,424461;32,441468;32,966472;36,326312;31,768502;15,206778;23,942924;34,156084;32,395073;33,105123;34,564577;32,027253;15,417663;23,564949;32,57159;32,610013;32,650006;35,937743;31,800206;15,647672;24,215029;33,079936;32,853578;34,322495;34,616584;32,938579;15,428564;24,777697;33,299349;33,747896;32,930525;36,704965;31,95978;15,137003;24,452204;34,064571;34,704112;33,940091;35,565144;34,164323;15,870835;24,474812;35,014996;34,003362;33,926014;37,883488;33,378609;16,237827;24,718569;35,16965;35,545844;35,24893;38,550854;34,687664;16,440812;25,122571;36,777002;35,280251;35,545317;38,431538;34,993112;16,046247;26,257114;36,150375;36,069828;36,77556;39,088923;35,500012;16,930836;26,301706;36,578879;37,142518;37,744866;40,747727;36,127845;16,664665;27,842363;38,924148;38,430645;37,803639;41,281529;36,388161;17,340103;27,18718;38,301909;38,671014;39,257269;41,342756;37,077377;18,132951;27,875103;39,678322;40,276965;39,546533;42,438345;38,675071;18,209348;29,311391;40,315193;40,838171;41,218395;43,634189;39,563126;18,978436;29,862612;42,868768;41,328652;41,215388;44,181549;40,9469;18,589549;30,552145;43,68134;42,957004;43,459373;46,34901;41,452957;19,447234;31,821686
22:00 - 23:00;38,300521;37,453126;39,578007;39,938334;35,3308;16,373266;25,653279;39,905342;37,391657;40,333121;41,292825;37,113873;16,960671;26,198603;40,441603;38,145823;41,665554;41,13362;38,153913;17,083217;27,232039;40,967455;38,444438;41,592112;41,835624;37,58823;17,256035;26,478773;40,334663;39,967688;42,228659;43,591912;39,25469;17,901395;27,267432;41,153547;40,540503;43,213937;42,896046;39,012734;17,994771;28,025783;41,439237;41,088227;44,295385;44,405748;40,287828;17,862778;27,726052;43,348774;41,940184;43,759723;44,274919;40,674597;18,599839;28,809329;43,257558;41,803118;44,308647;44,4172;39,860151;18,662755;28,635403;42,342473;41,67275;44,796802;45,599918;41,398395;18,280482;29,02508;43,716509;42,85662;44,649825;44,384649;41,506711;18,303342;29,336122;43,456468;42,619615;43,987376;45,686762;40,282862;18,291394;28,599986;43,794306;42,181826;45,260586;44,799868;40,737064;18,21319;29,206329;43,995169;41,323054;43,831727;45,408479;40,334143;18,704738;29,160463;42,846858;40,919516;43,831622;45,463746;39,73776;18,225135;29,087787;42,432782;40,820295;44,4671;44,682305;39,414398;18,268529;28,385389;42,685004;40,63668;44,339658;44,685004;40,163774;18,393867;28,403456;42,036851;40,861816;43,722034;44,182055;40,111418;17,971501;27,928679;40,451588;39,500453;42,064673;43,353561;38,062444;17,382168;28,16787;40,203698;39,130686;42,063631;42,146847;37,474778;17,292986;27,141256;40,059599;38,77633;41,89866;41,553364;37,855949;17,123806;27,175235;40,383962;39,144599;41,325067;41,192133;36,675504;16,588286;25,963196;38,137116;37,045051;41,047346;40,184611;36,259569;17,006124;26,003179;37,963172;36,64889;38,891269;39,540451;34,875194;16,353608;25,920743;37,057963;35,426143;38,10873;38,149443;35,448779;15,910069;25,625135;36,870748;36,17536;37,410364;38,531752;34,45012;16,020889;25,084943;35,414101;35,50607;36,763588;37,800791;33,035713;15,374419;23,892086;36,131582;34,53442;35,985832;37,026754;32,582908;15,282385;22,972154;35,054693;34,119702;36,617913;35,094879;32,891071;14,549097;23,618846;34,747015;33,609767;35,690412;35,118753;32,861671;14,53811;23,452218;33,827475;32,166484;34,808177;34,880021;30,709064;14,149719;23,001783;33,705744;31,434383;33,553445;35,19795;31,201647;13,918362;22,084067;33,684519;32,238479;34,529356;34,011173;30,712237;14,412959;21,707338;31,906143;32,407063;34,24236;32,860199;30,279782;13,814537;21,280243;31,372026;32,045267;33,960962;32,997887;30,498543;14,060354;21,357651;33,098876;30,670623;33,179058;33,935416;30,791902;13,520468;21,263714;32,015015;31,259412;32,691572;33,963202;30,345834;13,802951;20,91223;33,282684;31,709903;32,811875;33,687376;30,712148;13,7113;21,396854;32,453701;32,43999;32,698355;33,530225;30,168914;13,76165;21,587807;33,464526;32,55231;33,277427;34,329092;31,672337;14,099193;22,524485;33,033955;32,40408;33,507662;35,446476;30,269671;14,303593;22,593368;33,716599;32,883001;35,548799;33,981132;31,257694;14,519425;22,255262;33,751883;33,023535;36,372407;34,611389;32,134522;15,055262;23,360021;34,237943;33,458242;35,09661;35,539576;33,130221;14,966105;22,595594;35,802925;34,047823;37,634817;36,069679;34,008252;15,335706;23,904814;36,555055;35,595439;38,407368;38,040262;34,252511;15,131011;23,674536;36,645995;36,312017;37,697253;38,905854;35,310009;15,735785;24,427516;37,489804;37,236918;38,787628;38,798249;35,749975;16,555394;25,841029;39,607125;36,983029;40,95473;41,1731;35,804371;16,478167;26,067438;39,213658;38,111765;41,994848;41,750335;36,959689;17,135277;27,085825;39,698609;40,34981;42,464758;42,906879;38,509876;17,581264;27,738632;41,370479;40,488479;42,670267;42,663141;39,340972;17,757334;27,36316
23:00 - 00:00;35,344217;36,463062;38,871562;36,357009;32,55189;13,125047;23,108972;36,038135;36,721725;40,163606;36,753238;33,821301;13,490515;23,257866;37,130204;37,940385;40,918382;38,266296;34,027936;13,576599;24,310754;37,364573;38,840249;41,109619;38,925956;34,535618;14,140483;23,947278;38,448289;38,743347;41,915024;39,759252;34,445599;14,114327;24,539761;38,715916;39,045438;42,060425;40,510656;35,928221;14,123052;25,128452;40,641962;39,002142;42,516236;40,496652;36,558336;14,230545;25,48419;40,440601;40,99116;43,052353;40,385652;36,236219;14,355443;26,046826;40,691668;39,580461;43,174802;41,567568;35,969995;14,632207;25,238436;41,047144;41,081773;44,025815;41,959756;36,220069;14,554789;25,796144;41,738268;40,558595;44,113608;40,437012;36,271319;14,860628;26,089432;40,272102;40,130122;44,602433;40,694299;37,553734;14,554068;25,986886;40,174217;41,71982;43,306094;42,084539;37,608662;14,63012;26,27736;41,302514;41,280911;44,010929;40,926581;36,327367;15,016359;25,672799;40,461446;40,761492;44,224245;41,264457;36,225094;14,71614;26,048369;41,167017;39,609032;42,290071;39,875928;36,660758;14,80407;26,167623;40,707414;40,582473;42,574934;39,663975;35,70565;14,211945;25,15354;39,81949;39,333033;42,577741;40,111023;35,11273;14,220257;24,684692;39,448825;39,648787;41,106584;38,892748;35,653151;14,215161;24,918995;39,091653;38,5981;41,370827;39,532084;34,961407;13,659882;24,829028;38,260375;37,734548;40,849202;38,214067;33,986236;13,56474;24,515434;37,099372;37,222385;40,585734;38,028376;33,13204;13,61848;24,053047;37,189583;36,131577;38,963518;37,491614;32,631698;13,344995;22,90714;36,744357;35,245483;38,588073;36,131926;31,675344;13,049422;22,530232;35,125565;34,738342;37,136282;35,803671;32,40884;13,09626;22,243964;35,367287;34,516732;36,719763;34,400359;31,203601;12,447649;21,479041;34,066111;34,111889;36,950429;33,542788;30,391417;12,229031;21,589383;33,642729;32,813341;36,208744;33,532337;30,19086;12,442693;21,432471;32,707759;33,01648;35,935107;32,418245;29,08223;11,635246;21,365138;33,03815;33,00183;35,401293;32,31933;28,888786;11,991772;20,588347;31,102824;32,289572;33,678022;32,144095;29,036124;11,552162;20,17739;30,607122;32,104415;32,720588;32,421827;28,289861;11,270895;20,365017;30,08625;31,697901;32,2309;32,188725;28,178392;11,326075;19,704495;30,107669;31,383389;32,947523;31,875908;27,804043;11,214966;19,513244;30,655431;30,14364;31,836636;30,94005;27,241288;11,33984;19,843435;29,540008;30,009803;32,147457;31,553099;27,281147;11,23826;19,902512;29,845809;30,205218;32,836;31,115798;27,443193;10,843002;19,147239;30,638155;30,637649;31,811082;30,950752;27,350184;11,061488;19,930752;30,751487;31,371699;33,006699;30,432699;28,05686;11,426898;19,168921;31,854249;30,799218;33,03721;31,115652;27,101257;11,276377;19,780303;32,002072;30,918328;34,105443;31,74576;28,423274;11,62836;19,420534;31,172757;30,971393;34,440192;31,848247;28,796225;11,312032;19,835861;31,726906;32,651753;35,454821;32,522143;29,832041;11,575781;20,00405;32,269687;32,753218;35,795144;32,442797;28,982051;12,119363;21,260922;32,982481;33,837375;36,287747;33,699409;29,726424;12,390767;20,781074;34,910831;34,30421;35,797814;35,501007;31,335733;12,54649;21,740563;34,089664;34,756958;37,551835;34,605337;32,158787;12,846514;21,68592;35,992505;36,075375;37,870737;35,702384;31,453957;13,173638;22,595423;36,563827;35,970641;38,917067;36,265815;33,097392;13,216567;23,083812;36,533051;37,851109;39,169557;37,315843;33,059956;13,539503;24,385338;38,835;38,582545;40,506315;38,56347;35,246598;14,062032;24,904964;39,113744;38,908812;41,442953;39,728345;35,792256;13,867016;25,027021
AVERAGE:;28,8316535;34,0227015;35,5004415;35,876674;34,753952;22,21102;17,6217265;29,2991745;33,790957;36,358861;36,168294;35,5665235;22,1894565;17,9661605;30,4165375;35,289134;37,0044905;37,249711;35,842755;22,863241;18,5648365;30,414136;35,6000665;37,81952;37,920232;36,0571325;23,6717605;18,292765;31,325979;35,875155;38,392802;38,564267;36,4911755;23,417596;18,8211395;31,483038;36,708183;38,329418;39,429298;38,131022;24,0976285;19,1038905;32,762711;36,638146;39,367156;40,136375;38,485893;24,11359;19,351378;32,7420235;38,0099305;39,7380555;39,615794;38,4227405;24,570008;19,830571;32,8508115;37,4672185;39,9920605;40,66382;38,4060725;24,813992;19,3021895;33,32303;38,1463585;39,867164;40,911252;38,6595705;24,9351105;19,8101845;33,7015295;37,585126;40,2605225;40,495416;38,393804;25,2088455;19,9362225;32,894679;37,538882;40,2240195;40,339641;39,560401;25,1116745;19,843346;32,954287;38,399615;39,774269;41,6007175;39,427456;25,137706;19,9509435;33,207125;37,8777265;40,2768825;40,382639;38,5429175;24,66403;19,768826;32,957649;37,821813;39,98317;40,152975;38,3624285;24,924793;19,9069835;32,8278835;36,7058245;38,864081;39,3656495;38,7315065;24,6874595;19,891524;32,5151365;37,009772;39,06658;39,3787685;37,7568315;24,468615;19,4172125;32,2329515;36,644704;38,7795165;39,490689;37,729884;23,601504;19,0324465;31,6047135;36,241254;38,24098;38,293766;37,296995;23,8840895;18,979326;31,600482;36,069213;37,7627155;38,9027895;36,3788905;23,402369;18,8130645;31,099434;35,2973525;37,288755;37,965189;36,082996;23,0281755;18,6337305;30,2100845;34,255501;37,102264;37,3440035;35,734729;22,410014;18,3273215;29,9832035;33,8050475;35,971997;36,82032;34,421138;22,4243885;17,7217965;29,44593;33,104207;35,5957935;35,425579;33,858468;22,2180585;17,3339475;28,723745;32,1864235;34,463601;35,0362055;34,3758135;21,3231235;17,1979465;28,252205;32,3698945;33,687848;34,511476;33,164693;20,645574;16,511363;27,3671105;31,335958;33,790063;33,46865;32,145071;20,5587725;16,6142315;27,0808545;30,938814;33,3001745;33,0196695;32,115648;20,5327065;16,3498925;26,4528185;30,773972;32,293909;32,6890045;31,260833;20,125338;16,0354055;26,7148575;30,431515;31,7154;31,6017935;30,486848;19,629666;15,696352;25,3221325;29,51939;31,422794;31,6514015;30,0112905;19,0823035;15,267936;24,722649;29,14381;30,332144;31,600392;30,308649;19,275333;15,5746455;24,375008;29,365455;29,600421;31,2787105;29,897117;18,4864105;14,9545275;24,771073;28,5036;30,2784715;30,873118;29,586401;18,402917;14,7868475;24,6281085;28,2670655;29,763028;30,8658695;29,055994;18,7183;15,1796495;24,189522;27,891058;29,889733;30,8296975;29,169803;18,484722;15,047423;24,4331485;28,51379;30,2160905;30,882279;28,5590555;18,532568;14,5576095;24,9452525;28,391507;29,29951;30,2272015;28,735755;18,3329595;14,9549015;24,822045;28,757907;30,5309245;30,100815;29,8211625;18,4876165;14,6676185;25,7941725;28,534336;30,142131;30,3423895;29,247385;18,4594805;14,98374;25,554005;28,876165;30,920227;31,070918;30,0292525;19,195378;14,8563855;25,3611655;28,6772195;31,400141;31,698818;30,2814755;19,331084;15,252044;25,88165;30,094587;32,4495505;32,367905;30,6989175;19,26973;15,4231915;26,0944695;30,5321925;32,6584235;31,9742245;30,745148;20,4019565;16,10673;26,78007;31,3967085;32,7290515;33,4783495;31,8922815;20,5918355;16,1454015;28,1442355;31,9423165;33,26455;34,12339;32,4292565;20,690393;16,7257875;28,0595;32,6186485;34,474246;34,2663105;33,2892915;21,546015;16,8321645;29,3439805;33,683836;35,074272;35,503391;33,581876;22,1518375;17,454838;29,6571775;33,78173;36,134171;36,166165;34,7194895;22,6005505;17,779912;29,5585855;34,7103075;36,270554;36,678669;34,90208;22,7262275;18,567999;31,5162775;35,448166;37,076831;38,3669415;37,069565;23,50118;18,7334825;31,7616435;35,7861745;38,46593;39,044991;37,5174695;23,652669;19,025405
AVERAGE CONS:;29,54775887;;;;;;;;;;;;;;;;;;;;;;;;;;;;;;;;;;;;;;;;;;;;;;;;;;;;;;;;;;;;;;;;;;;;;;;;;;;;;;;;;;;;;;;;;;;;;;;;;;;;;;;;;;;;;;;;;;;;;;;;;;;;;;;;;;;;;;;;;;;;;;;;;;;;;;;;;;;;;;;;;;;;;;;;;;;;;;;;;;;;;;;;;;;;;;;;;;;;;;;;;;;;;;;;;;;;;;;;;;;;;;;;;;;;;;;;;;;;;;;;;;;;;;;;;;;;;;;;;;;;;;;;;;;;;;;;;;;;;;;;;;;;;;;;;;;;;;;;;;;;;;;;;;;;;;;;;;;;;;;;;;;;;;;;;;;;;;;;;;;;;;;;;;;;;;;;;;;;;;;;;;;
Unit saving:;0,295477589;;;;;;;;;;;;;;;;;;;;;;;;;;;;;;;;;;;;;;;;;;;;;;;;;;;;;;;;;;;;;;;;;;;;;;;;;;;;;;;;;;;;;;;;;;;;;;;;;;;;;;;;;;;;;;;;;;;;;;;;;;;;;;;;;;;;;;;;;;;;;;;;;;;;;;;;;;;;;;;;;;;;;;;;;;;;;;;;;;;;;;;;;;;;;;;;;;;;;;;;;;;;;;;;;;;;;;;;;;;;;;;;;;;;;;;;;;;;;;;;;;;;;;;;;;;;;;;;;;;;;;;;;;;;;;;;;;;;;;;;;;;;;;;;;;;;;;;;;;;;;;;;;;;;;;;;;;;;;;;;;;;;;;;;;;;;;;;;;;;;;;;;;;;;;;;;;;;;;;;;;;;
